dataset,parent_dataset,well,x_gate,y_gate,predicted_x_gate,predicted_y_gate,x_gate_error,y_gate_error
210121_TRT13_TRT008_(F1-R1)_A01_Amplitude,210121_TRT13_TRT008_(F1-R1),A01,1480.653,2854.777,1686.4599194759494,2728.706717354341,205.80691947594937,-126.07028264565906
210121_TRT13_TRT008_(F1-R1)_A02_Amplitude,210121_TRT13_TRT008_(F1-R1),A02,1479.935,2261.244,1892.940676848169,2455.396417476192,413.00567684816906,194.15241747619166
210121_TRT13_TRT008_(F1-R1)_A03_Amplitude,210121_TRT13_TRT008_(F1-R1),A03,1478.726,2257.163,1754.339346424085,2523.145232598262,275.61334642408497,265.9822325982618
210121_TRT13_TRT008_(F1-R1)_A04_Amplitude,210121_TRT13_TRT008_(F1-R1),A04,1480.9495000000002,2452.8745,1835.0332309721944,2326.055925137522,354.0837309721942,-126.81857486247782
210121_TRT13_TRT008_(F1-R1)_A05_Amplitude,210121_TRT13_TRT008_(F1-R1),A05,1480.0455000000002,2306.7945,1720.3459114587388,2387.6491328438387,240.3004114587386,80.85463284383877
210121_TRT13_TRT008_(F1-R1)_A06_Amplitude,210121_TRT13_TRT008_(F1-R1),A06,1480.5005,2307.2805,1755.911904305733,2377.9779815491656,275.41140430573296,70.69748154916579
210121_TRT13_TRT008_(F1-R1)_A07_Amplitude,210121_TRT13_TRT008_(F1-R1),A07,1480.074,2284.4205,1654.811857094127,2207.8128531667703,174.73785709412687,-76.60764683322986
210121_TRT13_TRT008_(F1-R1)_A08_Amplitude,210121_TRT13_TRT008_(F1-R1),A08,1479.9435,2564.1665000000003,1643.0834877362802,2396.4796859445178,163.1399877362801,-167.6868140554825
210121_TRT13_TRT008_(F1-R1)_A09_Amplitude,210121_TRT13_TRT008_(F1-R1),A09,1479.808,3033.5205,1754.354499834699,2293.334412980695,274.54649983469903,-740.186087019305
210121_TRT13_TRT008_(F1-R1)_A10_Amplitude,210121_TRT13_TRT008_(F1-R1),A10,1478.1315,2242.2045,1677.4441936850199,2488.1177605679113,199.3126936850199,245.9132605679115
210121_TRT13_TRT008_(F1-R1)_A11_Amplitude,210121_TRT13_TRT008_(F1-R1),A11,1480.454,2022.9210000000005,1847.2675540812781,2017.9243515883384,366.8135540812782,-4.996648411662136
210121_TRT13_TRT008_(F1-R1)_A12_Amplitude,210121_TRT13_TRT008_(F1-R1),A12,1478.8,2090.7940000000003,2123.632325769328,2068.025657001038,644.832325769328,-22.768342998962453
210121_TRT13_TRT008_(F1-R1)_B01_Amplitude,210121_TRT13_TRT008_(F1-R1),B01,1419.8840000000002,1877.144,1677.646566293319,1901.809179882329,257.76256629331874,24.665179882329085
210121_TRT13_TRT008_(F1-R1)_B02_Amplitude,210121_TRT13_TRT008_(F1-R1),B02,1481.8685,2143.7060000000006,2112.3322485263134,2067.532495954141,630.4637485263133,-76.17350404585977
210121_TRT13_TRT008_(F1-R1)_B03_Amplitude,210121_TRT13_TRT008_(F1-R1),B03,1480.823,2203.4990000000003,1785.0760587268032,2173.509763541534,304.25305872680315,-29.989236458466166
210121_TRT13_TRT008_(F1-R1)_B04_Amplitude,210121_TRT13_TRT008_(F1-R1),B04,1480.002,1934.3330000000003,1568.2085022175131,1932.2043590196095,88.20650221751316,-2.1286409803908555
210121_TRT13_TRT008_(F1-R1)_B05_Amplitude,210121_TRT13_TRT008_(F1-R1),B05,1479.833,2029.321,1773.5013466079135,2027.8850326808376,293.66834660791346,-1.4359673191622733
210121_TRT13_TRT008_(F1-R1)_B06_Amplitude,210121_TRT13_TRT008_(F1-R1),B06,1480.1885,2394.6705,1691.558723421343,2563.4820052284017,211.3702234213431,168.81150522840153
210121_TRT13_TRT008_(F1-R1)_B07_Amplitude,210121_TRT13_TRT008_(F1-R1),B07,1480.86,2824.7825000000003,1540.708675179845,2322.9018589415773,59.84867517984503,-501.88064105842295
210121_TRT13_TRT008_(F1-R1)_B08_Amplitude,210121_TRT13_TRT008_(F1-R1),B08,1480.5825,2166.9205,1689.462413646473,2330.335461336298,208.87991364647291,163.4149613362979
210121_TRT13_TRT008_(F1-R1)_B09_Amplitude,210121_TRT13_TRT008_(F1-R1),B09,1479.6345,2548.3895,1555.3426601004817,2496.1869011677045,75.70816010048179,-52.202598832295735
210121_TRT13_TRT008_(F1-R1)_B10_Amplitude,210121_TRT13_TRT008_(F1-R1),B10,1481.927,2180.8455000000004,1654.8463162185376,2209.8987386392505,172.9193162185377,29.05323863925014
210121_TRT13_TRT008_(F1-R1)_B11_Amplitude,210121_TRT13_TRT008_(F1-R1),B11,1484.2655,2181.6080000000006,1759.4322452506663,2144.063749207657,275.1667452506663,-37.54425079234352
210121_TRT13_TRT008_(F1-R1)_B12_Amplitude,210121_TRT13_TRT008_(F1-R1),B12,1479.5255,2288.9235,1710.1308379116654,2141.930430756945,230.6053379116654,-146.99306924305483
210121_TRT13_TRT008_(F1-R1)_C01_Amplitude,210121_TRT13_TRT008_(F1-R1),C01,1479.749,2190.6925,1678.777466772227,2608.739224064242,199.02846677222692,418.04672406424197
210121_TRT13_TRT008_(F1-R1)_C02_Amplitude,210121_TRT13_TRT008_(F1-R1),C02,1480.391,2091.7010000000005,1820.085635083901,2088.4559273583836,339.69463508390095,-3.2450726416168436
210121_TRT13_TRT008_(F1-R1)_C03_Amplitude,210121_TRT13_TRT008_(F1-R1),C03,1478.302,2328.747,1740.352121337997,2584.129708193459,262.0501213379971,255.38270819345917
210121_TRT13_TRT008_(F1-R1)_C04_Amplitude,210121_TRT13_TRT008_(F1-R1),C04,1478.817,1992.2860000000005,1788.6856362113767,2006.5683366448197,309.8686362113767,14.282336644819225
210121_TRT13_TRT008_(F1-R1)_C05_Amplitude,210121_TRT13_TRT008_(F1-R1),C05,1482.0839999999998,2465.9345000000003,1655.8587444959692,2533.205868825035,173.77474449596934,67.27136882503464
210121_TRT13_TRT008_(F1-R1)_C06_Amplitude,210121_TRT13_TRT008_(F1-R1),C06,1478.944,2234.1645,1683.260987735656,2503.558453924152,204.31698773565608,269.39395392415236
210121_TRT13_TRT008_(F1-R1)_C07_Amplitude,210121_TRT13_TRT008_(F1-R1),C07,1480.46,2616.526,1599.6912503548717,2446.538764237914,119.23125035487169,-169.98723576208567
210121_TRT13_TRT008_(F1-R1)_C08_Amplitude,210121_TRT13_TRT008_(F1-R1),C08,1480.123,2208.457,1658.993348125678,2368.5421821084615,178.870348125678,160.0851821084616
210121_TRT13_TRT008_(F1-R1)_C09_Amplitude,210121_TRT13_TRT008_(F1-R1),C09,1481.4305,2502.6855,1648.75149771262,2363.124143767504,167.32099771262006,-139.5613562324961
210121_TRT13_TRT008_(F1-R1)_C10_Amplitude,210121_TRT13_TRT008_(F1-R1),C10,1483.1645,2256.4865,1811.1627715203385,2455.416495355519,327.99827152033845,198.92999535551917
210121_TRT13_TRT008_(F1-R1)_C11_Amplitude,210121_TRT13_TRT008_(F1-R1),C11,1478.1485,2189.217,1861.0074234185593,2296.671592647287,382.85892341855924,107.45459264728697
210121_TRT13_TRT008_(F1-R1)_C12_Amplitude,210121_TRT13_TRT008_(F1-R1),C12,1483.8780000000002,2083.0250000000005,1861.0982816145902,2135.2285792115326,377.22028161459,52.20357921153209
210121_TRT13_TRT008_(F1-R1)_D01_Amplitude,210121_TRT13_TRT008_(F1-R1),D01,1476.7985,2295.992,1806.7179935989363,2539.9652682326387,329.91949359893624,243.97326823263847
210121_TRT13_TRT008_(F1-R1)_D02_Amplitude,210121_TRT13_TRT008_(F1-R1),D02,1477.7305,2079.2770000000005,1824.2312371516766,2067.1427377343302,346.50073715167673,-12.134262265670259
210121_TRT13_TRT008_(F1-R1)_D03_Amplitude,210121_TRT13_TRT008_(F1-R1),D03,1480.1129999999998,2970.4245,1475.859164888429,2418.144086600973,-4.253835111570879,-552.2804133990271
210121_TRT13_TRT008_(F1-R1)_D04_Amplitude,210121_TRT13_TRT008_(F1-R1),D04,1481.5410000000002,2158.9910000000004,1566.836717986958,2043.8452051449233,85.29571798695792,-115.14579485507716
210121_TRT13_TRT008_(F1-R1)_D05_Amplitude,210121_TRT13_TRT008_(F1-R1),D05,1480.361,2318.3055,1531.5711067503078,2247.0024566697584,51.21010675030766,-71.30304333024151
210121_TRT13_TRT008_(F1-R1)_D06_Amplitude,210121_TRT13_TRT008_(F1-R1),D06,1481.38,2341.2915000000003,1670.0858853812329,2516.8091270018504,188.70588538123275,175.5176270018501
210121_TRT13_TRT008_(F1-R1)_D07_Amplitude,210121_TRT13_TRT008_(F1-R1),D07,1479.8365,1937.302,1840.2631633403676,2022.4109806259005,360.42666334036767,85.10898062590059
210121_TRT13_TRT008_(F1-R1)_D08_Amplitude,210121_TRT13_TRT008_(F1-R1),D08,1479.8665,2397.4005,1668.661183692643,2552.2004687218614,188.79468369264282,154.7999687218612
210121_TRT13_TRT008_(F1-R1)_D09_Amplitude,210121_TRT13_TRT008_(F1-R1),D09,1480.9605,2324.6965,1687.6982274018312,2339.9444896472432,206.7377274018313,15.24798964724323
210121_TRT13_TRT008_(F1-R1)_D10_Amplitude,210121_TRT13_TRT008_(F1-R1),D10,1481.627,1961.8810000000003,1702.757809178888,1841.0365398265421,221.13080917888806,-120.84446017345817
210121_TRT13_TRT008_(F1-R1)_D11_Amplitude,210121_TRT13_TRT008_(F1-R1),D11,1485.47,2250.065,1798.578221544323,2423.504993882856,313.108221544323,173.43999388285602
210121_TRT13_TRT008_(F1-R1)_D12_Amplitude,210121_TRT13_TRT008_(F1-R1),D12,1480.2525,2617.4245,1730.9016341449453,2589.3632107685335,250.64913414494526,-28.061289231466617
210121_TRT13_TRT008_(F1-R1)_E01_Amplitude,210121_TRT13_TRT008_(F1-R1),E01,1481.4935,2444.766,1741.8372249040656,2752.174768406457,260.34372490406554,307.40876840645706
210121_TRT13_TRT008_(F1-R1)_E02_Amplitude,210121_TRT13_TRT008_(F1-R1),E02,1481.209,2093.5130000000004,1751.0379935435426,2077.6381129606175,269.82899354354254,-15.874887039382884
210121_TRT13_TRT008_(F1-R1)_E03_Amplitude,210121_TRT13_TRT008_(F1-R1),E03,1486.0875,2324.9925000000003,1627.1086798221068,2863.0379591444853,141.02117982210666,538.045459144485
210121_TRT13_TRT008_(F1-R1)_E04_Amplitude,210121_TRT13_TRT008_(F1-R1),E04,1473.96,2079.5830000000005,1794.274709639908,2094.386430493416,320.31470963990796,14.803430493415362
210121_TRT13_TRT008_(F1-R1)_E05_Amplitude,210121_TRT13_TRT008_(F1-R1),E05,1480.1765,2115.019,1807.79834032187,2093.5334955681374,327.62184032186997,-21.48550443186241
210121_TRT13_TRT008_(F1-R1)_E06_Amplitude,210121_TRT13_TRT008_(F1-R1),E06,1471.513,2037.253,1838.4502263451961,2076.7309843671337,366.9372263451962,39.477984367133786
210121_TRT13_TRT008_(F1-R1)_E07_Amplitude,210121_TRT13_TRT008_(F1-R1),E07,1507.4074999999998,2310.7255,1794.19369892728,2452.020859897838,286.7861989272801,141.2953598978379
210121_TRT13_TRT008_(F1-R1)_E08_Amplitude,210121_TRT13_TRT008_(F1-R1),E08,1481.655,2036.4480000000003,1814.3806828309328,2025.5143090361526,332.7256828309328,-10.933690963847766
210121_TRT13_TRT008_(F1-R1)_E09_Amplitude,210121_TRT13_TRT008_(F1-R1),E09,1480.8515,2209.0210000000006,1682.1971534447157,1895.3935574011366,201.3456534447157,-313.62744259886404
210121_TRT13_TRT008_(F1-R1)_E10_Amplitude,210121_TRT13_TRT008_(F1-R1),E10,1987.288,1992.4000000000003,2102.742958985688,2140.8191238619233,115.45495898568788,148.41912386192303
210121_TRT13_TRT008_(F1-R1)_E11_Amplitude,210121_TRT13_TRT008_(F1-R1),E11,1546.823,2560.7675,1975.2096308092077,2574.4879267946962,428.38663080920765,13.720426794696323
210121_TRT13_TRT008_(F1-R1)_E12_Amplitude,210121_TRT13_TRT008_(F1-R1),E12,1466.2005,2504.8410000000003,1736.1668801933788,2522.7116676628852,269.9663801933789,17.870667662884898
210121_TRT13_TRT008_(F1-R1)_F01_Amplitude,210121_TRT13_TRT008_(F1-R1),F01,1422.572,1870.071,1563.287484480994,1899.7906187946915,140.71548448099406,29.71961879469154
210121_TRT13_TRT008_(F1-R1)_F02_Amplitude,210121_TRT13_TRT008_(F1-R1),F02,1476.0805,2263.2215,1590.6114322346245,2641.390051850524,114.53093223462452,378.1685518505237
210121_TRT13_TRT008_(F1-R1)_F03_Amplitude,210121_TRT13_TRT008_(F1-R1),F03,1477.471,2079.5670000000005,1830.8388154751985,2113.5837316361826,353.36781547519854,34.01673163618216
210121_TRT13_TRT008_(F1-R1)_F04_Amplitude,210121_TRT13_TRT008_(F1-R1),F04,1477.3025,2185.409000000001,1796.043808009785,2186.353907841043,318.7413080097849,0.9449078410420952
210121_TRT13_TRT008_(F1-R1)_F05_Amplitude,210121_TRT13_TRT008_(F1-R1),F05,1480.5535,1961.203,1782.4183820437584,2012.9033585915067,301.86488204375837,51.700358591506756
210121_TRT13_TRT008_(F1-R1)_F06_Amplitude,210121_TRT13_TRT008_(F1-R1),F06,1480.3215,2210.8345,1723.3175500764423,2281.353547104798,242.99605007644232,70.51904710479812
210121_TRT13_TRT008_(F1-R1)_F07_Amplitude,210121_TRT13_TRT008_(F1-R1),F07,1449.9450000000002,2147.9100000000003,1812.9521223241134,2180.513146218945,363.0071223241132,32.60314621894486
210121_TRT13_TRT008_(F1-R1)_F08_Amplitude,210121_TRT13_TRT008_(F1-R1),F08,1480.336,2069.4840000000004,1821.1422888141576,2068.92926758968,340.8062888141576,-0.5547324103204119
210121_TRT13_TRT008_(F1-R1)_F09_Amplitude,210121_TRT13_TRT008_(F1-R1),F09,1468.08,2267.9160000000006,1755.824839462159,2284.905836196568,287.744839462159,16.989836196567467
210121_TRT13_TRT008_(F1-R1)_F10_Amplitude,210121_TRT13_TRT008_(F1-R1),F10,1954.273,2016.2660000000003,2123.0767654822153,2140.406414410534,168.80376548221534,124.14041441053382
210121_TRT13_TRT008_(F1-R1)_F11_Amplitude,210121_TRT13_TRT008_(F1-R1),F11,1560.369,2451.0655,1775.6205618364174,2621.326075767778,215.25156183641752,170.26057576777794
210121_TRT13_TRT008_(F1-R1)_F12_Amplitude,210121_TRT13_TRT008_(F1-R1),F12,1511.6374999999998,2311.4235,2086.4685665900383,1994.6560277937288,574.8310665900385,-316.7674722062711
210121_TRT13_TRT008_(F1-R1)_G01_Amplitude,210121_TRT13_TRT008_(F1-R1),G01,1468.9855,2465.83,1926.5216820367964,2413.830177814071,457.5361820367964,-51.99982218592913
210121_TRT13_TRT008_(F1-R1)_G02_Amplitude,210121_TRT13_TRT008_(F1-R1),G02,1481.1129999999998,2312.976,1707.3670036124752,2594.0721600243846,226.25400361247534,281.0961600243845
210121_TRT13_TRT008_(F1-R1)_G03_Amplitude,210121_TRT13_TRT008_(F1-R1),G03,1480.2105,2294.378,1664.1685325808367,2539.8157968966443,183.95803258083674,245.43779689664416
210121_TRT13_TRT008_(F1-R1)_G04_Amplitude,210121_TRT13_TRT008_(F1-R1),G04,1481.7179999999998,2235.7575,1681.5623250105227,2403.9829769701023,199.84432501052288,168.22547697010214
210121_TRT13_TRT008_(F1-R1)_G05_Amplitude,210121_TRT13_TRT008_(F1-R1),G05,1480.829,2405.8605,1742.8864131998469,2034.300323153045,262.0574131998469,-371.56017684695485
210121_TRT13_TRT008_(F1-R1)_G06_Amplitude,210121_TRT13_TRT008_(F1-R1),G06,1480.6465,2298.4455,1659.828495317097,2539.045756382347,179.18199531709683,240.6002563823472
210121_TRT13_TRT008_(F1-R1)_G07_Amplitude,210121_TRT13_TRT008_(F1-R1),G07,1480.435,2153.7470000000003,1811.5096254915072,2156.4516551390957,331.0746254915073,2.7046551390953937
210121_TRT13_TRT008_(F1-R1)_G08_Amplitude,210121_TRT13_TRT008_(F1-R1),G08,1480.4045,1973.801,1659.0871867941758,1930.988515751959,178.68268679417565,-42.812484248040846
210121_TRT13_TRT008_(F1-R1)_G09_Amplitude,210121_TRT13_TRT008_(F1-R1),G09,1480.196,2122.99,2001.5653522406656,1891.5378210619008,521.3693522406656,-231.452178938099
210121_TRT13_TRT008_(F1-R1)_G10_Amplitude,210121_TRT13_TRT008_(F1-R1),G10,2046.66,2048.6430000000005,2133.6864231869004,2161.728358477797,87.02642318690027,113.08535847779649
210121_TRT13_TRT008_(F1-R1)_G11_Amplitude,210121_TRT13_TRT008_(F1-R1),G11,1884.714,2171.769,2197.463902683456,2145.1617486627547,312.7499026834562,-26.60725133724509
210121_TRT13_TRT008_(F1-R1)_G12_Amplitude,210121_TRT13_TRT008_(F1-R1),G12,1497.659,2178.519,1806.1435312257122,2180.8522364223404,308.4845312257121,2.333236422340633
210121_TRT13_TRT008_(F1-R1)_H01_Amplitude,210121_TRT13_TRT008_(F1-R1),H01,1481.2745,2169.94,1796.9613048204003,2294.0145672077615,315.6868048204003,124.07456720776145
210121_TRT13_TRT008_(F1-R1)_H02_Amplitude,210121_TRT13_TRT008_(F1-R1),H02,1479.3715,2340.231,1685.6761277055607,2411.3779495457507,206.30462770556073,71.14694954575043
210121_TRT13_TRT008_(F1-R1)_H03_Amplitude,210121_TRT13_TRT008_(F1-R1),H03,1480.0255,2340.709,1726.7179614623801,2410.9771047455456,246.69246146238015,70.26810474554577
210121_TRT13_TRT008_(F1-R1)_H04_Amplitude,210121_TRT13_TRT008_(F1-R1),H04,1480.307,2075.1620000000003,1859.1534989680135,2073.015894634723,378.8464989680135,-2.1461053652774353
210121_TRT13_TRT008_(F1-R1)_H05_Amplitude,210121_TRT13_TRT008_(F1-R1),H05,1480.9965,2051.0990000000006,1867.4222997567954,2113.143423913131,386.4257997567954,62.04442391313023
210121_TRT13_TRT008_(F1-R1)_H06_Amplitude,210121_TRT13_TRT008_(F1-R1),H06,1481.599,2289.5640000000003,1674.1875544531558,2207.425995189169,192.5885544531559,-82.13800481083126
210121_TRT13_TRT008_(F1-R1)_H07_Amplitude,210121_TRT13_TRT008_(F1-R1),H07,1480.575,2439.93,1685.3575074669602,2546.875447799918,204.78250746696017,106.94544779991838
210121_TRT13_TRT008_(F1-R1)_H08_Amplitude,210121_TRT13_TRT008_(F1-R1),H08,1480.9025,2513.6,1668.2480429994057,2478.493380171446,187.34554299940578,-35.1066198285539
210121_TRT13_TRT008_(F1-R1)_H09_Amplitude,210121_TRT13_TRT008_(F1-R1),H09,1479.879,2163.9535,1818.2672554373098,1896.7914527683745,338.3882554373099,-267.1620472316256
210121_TRT13_TRT008_(F1-R1)_H10_Amplitude,210121_TRT13_TRT008_(F1-R1),H10,1465.396,2043.668,1828.4963101334235,2083.3112317374103,363.1003101334236,39.64323173741036
210121_TRT13_TRT008_(F1-R1)_H11_Amplitude,210121_TRT13_TRT008_(F1-R1),H11,1455.4924999999998,2579.562,1769.2251001550314,2789.159704159605,313.7326001550316,209.5977041596052
210121_TRT13_TRT008_(F1-R1)_H12_Amplitude,210121_TRT13_TRT008_(F1-R1),H12,1482.1550000000002,2282.7965,1792.9281573680023,2466.5397633263447,310.7731573680021,183.74326332634473
191003_TRT2_TRT015_A01_Amplitude,191003_TRT2_TRT015,A01,996.31835,379.7372,1422.4912532143812,1123.1949957338327,426.1729032143812,743.4577957338327
191003_TRT2_TRT015_A02_Amplitude,191003_TRT2_TRT015,A02,951.7598,238.0408,1050.3049168781713,627.5711726250255,98.54511687817126,389.5303726250255
191003_TRT2_TRT015_A03_Amplitude,191003_TRT2_TRT015,A03,968.1762,384.145,1066.162755486333,679.0499338340711,97.98655548633303,294.90493383407113
191003_TRT2_TRT015_A04_Amplitude,191003_TRT2_TRT015,A04,982.87115,327.6659,1057.6166310758176,660.5653014636347,74.74548107581768,332.89940146363466
191003_TRT2_TRT015_A05_Amplitude,191003_TRT2_TRT015,A05,975.14135,275.37850000000003,1058.2504459272468,660.1517777108387,83.10909592724681,384.77327771083867
191003_TRT2_TRT015_A06_Amplitude,191003_TRT2_TRT015,A06,934.934,283.21615,1037.040403627256,653.8313204025236,102.10640362725599,370.6151704025236
191003_TRT2_TRT015_A07_Amplitude,191003_TRT2_TRT015,A07,1076.7185,363.4668,1073.4161506132336,707.6562850917761,-3.302349386766309,344.18948509177613
191003_TRT2_TRT015_A08_Amplitude,191003_TRT2_TRT015,A08,966.8254,383.5352,1119.4817326690304,1170.4667036515307,152.65633266903046,786.9315036515306
191003_TRT2_TRT015_A09_Amplitude,191003_TRT2_TRT015,A09,998.39015,309.16695,1245.6322877271605,951.1981311429612,247.24213772716053,642.0311811429613
191003_TRT2_TRT015_A10_Amplitude,191003_TRT2_TRT015,A10,1009.3764,300.7039,1150.2419290460505,1062.4117499317858,140.86552904605048,761.7078499317859
191003_TRT2_TRT015_A11_Amplitude,191003_TRT2_TRT015,A11,953.26355,320.77570000000003,1065.4573163916332,1125.5898872833966,112.19376639163318,804.8141872833966
191003_TRT2_TRT015_A12_Amplitude,191003_TRT2_TRT015,A12,994.3988,343.7627,1218.640908576894,1034.9179852895306,224.24210857689388,691.1552852895306
191003_TRT2_TRT015_B01_Amplitude,191003_TRT2_TRT015,B01,1001.0418,357.63845000000003,1097.1248877525804,873.401714405129,96.08308775258047,515.763264405129
191003_TRT2_TRT015_B02_Amplitude,191003_TRT2_TRT015,B02,951.92825,302.45210000000003,1027.5412160370458,643.3014486886256,75.6129660370458,340.8493486886255
191003_TRT2_TRT015_B03_Amplitude,191003_TRT2_TRT015,B03,961.2432,363.32605,1248.647685686851,1183.8602528098068,287.404485686851,820.5342028098067
191003_TRT2_TRT015_B04_Amplitude,191003_TRT2_TRT015,B04,983.6922,330.67585,1073.3922965761528,706.3268215536492,89.70009657615287,375.6509715536492
191003_TRT2_TRT015_B05_Amplitude,191003_TRT2_TRT015,B05,976.8588,317.7798,1057.5161162756738,705.5996529225678,80.6573162756738,387.81985292256775
191003_TRT2_TRT015_B06_Amplitude,191003_TRT2_TRT015,B06,932.8443,279.92295,1065.0086059142595,666.3238018101624,132.16430591425956,386.4008518101624
191003_TRT2_TRT015_B07_Amplitude,191003_TRT2_TRT015,B07,1077.008,281.37410000000006,1053.926257690951,655.3291724772079,-23.081742309049105,373.9550724772078
191003_TRT2_TRT015_B08_Amplitude,191003_TRT2_TRT015,B08,974.3979,360.85145,1059.9035461748251,693.829304308476,85.50564617482507,332.977854308476
191003_TRT2_TRT015_B09_Amplitude,191003_TRT2_TRT015,B09,998.7419,342.83395,1081.9891924526205,838.2513605028674,83.24729245262051,495.4174105028674
191003_TRT2_TRT015_B10_Amplitude,191003_TRT2_TRT015,B10,1023.84015,329.7225,1086.0158515848123,715.1620850660358,62.17570158481226,385.4395850660358
191003_TRT2_TRT015_B12_Amplitude,191003_TRT2_TRT015,B12,993.04095,361.70305,1046.323483418602,675.2070827297033,53.282533418602156,313.5040327297033
191003_TRT2_TRT015_C01_Amplitude,191003_TRT2_TRT015,C01,995.91835,356.85345,1046.8638848625237,696.4205595529205,50.94553486252369,339.5671095529205
191003_TRT2_TRT015_C02_Amplitude,191003_TRT2_TRT015,C02,952.0771,306.44050000000004,1030.045635018395,646.2740356137249,77.96853501839496,339.83353561372485
191003_TRT2_TRT015_C03_Amplitude,191003_TRT2_TRT015,C03,968.2472,382.0163,1047.065749313918,693.7828544754941,78.81854931391808,311.7665544754941
191003_TRT2_TRT015_C04_Amplitude,191003_TRT2_TRT015,C04,980.38775,323.49815,1037.63851751393,656.6973271621167,57.2507675139301,333.1991771621167
191003_TRT2_TRT015_C05_Amplitude,191003_TRT2_TRT015,C05,974.9879,278.14110000000005,1016.2176747667119,643.0936361811459,41.2297747667119,364.9525361811459
191003_TRT2_TRT015_C06_Amplitude,191003_TRT2_TRT015,C06,935.22685,276.16645,1024.5638882274222,649.5511866902912,89.33703822742223,373.38473669029116
191003_TRT2_TRT015_C07_Amplitude,191003_TRT2_TRT015,C07,1076.7135,316.14580000000007,1028.3772551122433,646.53783014922,-48.33624488775672,330.3920301492199
191003_TRT2_TRT015_C08_Amplitude,191003_TRT2_TRT015,C08,964.77705,294.07470000000006,1016.4969179064442,644.0985817212255,51.719867906444165,350.02388172122545
191003_TRT2_TRT015_C09_Amplitude,191003_TRT2_TRT015,C09,996.235,332.45550000000003,1135.0084339331086,759.8093936675041,138.77343393310855,427.35389366750405
191003_TRT2_TRT015_C10_Amplitude,191003_TRT2_TRT015,C10,997.24735,319.90790000000004,1047.702403580646,667.0898720019974,50.455053580645995,347.18197200199734
191003_TRT2_TRT015_C11_Amplitude,191003_TRT2_TRT015,C11,958.11615,305.0228,1041.6628406045559,661.0996900989381,83.54669060455592,356.0768900989381
191003_TRT2_TRT015_C12_Amplitude,191003_TRT2_TRT015,C12,985.192,291.20790000000005,1012.8516001333247,644.7259418007079,27.659600133324716,353.51804180070786
191003_TRT2_TRT015_D01_Amplitude,191003_TRT2_TRT015,D01,996.45495,314.72350000000006,1028.2741292075905,649.3045113922244,31.819179207590423,334.58101139222435
191003_TRT2_TRT015_D02_Amplitude,191003_TRT2_TRT015,D02,952.14505,319.86465,1039.13308816016,682.0591176006085,86.98803816016004,362.1944676006085
191003_TRT2_TRT015_D03_Amplitude,191003_TRT2_TRT015,D03,968.68915,275.1376000000001,1029.6563596913072,647.3993752123993,60.967209691307175,372.2617752123992
191003_TRT2_TRT015_D04_Amplitude,191003_TRT2_TRT015,D04,980.39065,310.32910000000004,1028.7753135626415,654.7769660942754,48.384663562641435,344.44786609427535
191003_TRT2_TRT015_D05_Amplitude,191003_TRT2_TRT015,D05,974.5615,301.71130000000005,1025.5815108040101,646.6756797650147,51.0200108040101,344.96437976501466
191003_TRT2_TRT015_D06_Amplitude,191003_TRT2_TRT015,D06,935.0764,279.59875,1027.5544629756855,664.1351161796763,92.47806297568548,384.5363661796763
191003_TRT2_TRT015_D07_Amplitude,191003_TRT2_TRT015,D07,1079.6755,356.11645,1035.59953640052,660.9063956530196,-44.07596359948002,304.7899456530196
191003_TRT2_TRT015_D08_Amplitude,191003_TRT2_TRT015,D08,964.5402,303.90100000000007,1019.810710180795,650.6649677548746,55.270510180794986,346.76396775487456
191003_TRT2_TRT015_D09_Amplitude,191003_TRT2_TRT015,D09,999.34885,288.97600000000006,1015.4389788277239,641.834374435908,16.090128827723902,352.85837443590793
191003_TRT2_TRT015_D10_Amplitude,191003_TRT2_TRT015,D10,999.11845,339.08125,1033.4391169184935,668.1776778489225,34.32066691849343,329.0964278489225
191003_TRT2_TRT015_D11_Amplitude,191003_TRT2_TRT015,D11,958.42855,302.13560000000007,1024.3580283077295,651.9451130497159,65.92947830772948,349.80951304971586
191003_TRT2_TRT015_D12_Amplitude,191003_TRT2_TRT015,D12,985.1078,279.47810000000004,1015.8337368699321,644.793750322335,30.72593686993207,365.31565032233493
191003_TRT2_TRT015_E01_Amplitude,191003_TRT2_TRT015,E01,996.19635,285.0083000000001,1031.953616015906,645.5481390019555,35.757266015905884,360.53983900195544
191003_TRT2_TRT015_E02_Amplitude,191003_TRT2_TRT015,E02,949.16795,278.17580000000004,1060.7659841261827,633.5876252443436,111.59803412618271,355.41182524434356
191003_TRT2_TRT015_E03_Amplitude,191003_TRT2_TRT015,E03,968.40495,285.0169000000001,1033.9491729403683,653.9665642640016,65.54422294036829,368.9496642640015
191003_TRT2_TRT015_E04_Amplitude,191003_TRT2_TRT015,E04,980.44435,315.7152,1024.131236735408,652.1464261630097,43.68688673540805,336.4312261630097
191003_TRT2_TRT015_E05_Amplitude,191003_TRT2_TRT015,E05,975.0054,313.6942,1044.9869249834237,658.40446968171,69.9815249834237,344.71026968171
191003_TRT2_TRT015_E06_Amplitude,191003_TRT2_TRT015,E06,935.2153,274.66175,1019.4840310809936,645.3995611178707,84.26873108099369,370.7378111178707
191003_TRT2_TRT015_E07_Amplitude,191003_TRT2_TRT015,E07,1076.755,356.3343,1021.7112933960234,653.3173922902912,-55.043706603976716,296.9830922902912
191003_TRT2_TRT015_E08_Amplitude,191003_TRT2_TRT015,E08,964.9202,395.19935,1045.2780612047532,660.2854684316603,80.35786120475314,265.08611843166034
191003_TRT2_TRT015_E09_Amplitude,191003_TRT2_TRT015,E09,1000.9633,328.8634,1092.5624035047413,757.329802008679,91.59910350474127,428.46640200867904
191003_TRT2_TRT015_E10_Amplitude,191003_TRT2_TRT015,E10,1023.80915,304.60200000000003,1059.1932912267148,661.5293318152537,35.384141226714746,356.9273318152537
191003_TRT2_TRT015_E11_Amplitude,191003_TRT2_TRT015,E11,957.8117,280.29230000000007,1037.1690682905669,655.7605133481287,79.35736829056691,375.46821334812864
191003_TRT2_TRT015_E12_Amplitude,191003_TRT2_TRT015,E12,985.55655,318.30330000000004,1019.4516588352592,648.907498503585,33.89510883525918,330.60419850358494
191003_TRT2_TRT015_F01_Amplitude,191003_TRT2_TRT015,F01,996.36675,629.28,1075.3906132210366,936.2877976407202,79.02386322103655,307.00779764072024
191003_TRT2_TRT015_F02_Amplitude,191003_TRT2_TRT015,F02,951.87915,289.07620000000003,1019.7131040793068,645.8091529172754,67.83395407930686,356.7329529172753
191003_TRT2_TRT015_F03_Amplitude,191003_TRT2_TRT015,F03,968.4629,383.7745,1039.3880069065383,669.0738073374142,70.9251069065383,285.29930733741423
191003_TRT2_TRT015_F04_Amplitude,191003_TRT2_TRT015,F04,980.42375,229.5323,1053.945787363633,642.3896723054366,73.52203736363288,412.8573723054367
191003_TRT2_TRT015_F05_Amplitude,191003_TRT2_TRT015,F05,974.4748,249.60710000000003,1038.9272198072294,640.5330044140858,64.45241980722949,390.9259044140857
191003_TRT2_TRT015_F06_Amplitude,191003_TRT2_TRT015,F06,935.19315,222.94380000000004,1032.2143491687423,639.2451387999805,97.02119916874233,416.3013387999805
191003_TRT2_TRT015_F07_Amplitude,191003_TRT2_TRT015,F07,1076.891,355.79485,1434.7929392831427,1131.7795306971982,357.9019392831426,775.9846806971982
191003_TRT2_TRT015_F08_Amplitude,191003_TRT2_TRT015,F08,967.61945,346.2733,1188.033590857139,786.8137910407652,220.41414085713893,440.5404910407652
191003_TRT2_TRT015_F09_Amplitude,191003_TRT2_TRT015,F09,1002.51635,312.34620000000007,1048.0754029539596,660.9999536642498,45.55905295395962,348.65375366424973
191003_TRT2_TRT015_F10_Amplitude,191003_TRT2_TRT015,F10,1025.9666,313.60205,1056.7204638327023,696.8208344826261,30.753863832702336,383.21878448262606
191003_TRT2_TRT015_F11_Amplitude,191003_TRT2_TRT015,F11,959.5903,320.57605,1088.7281116188592,846.6149025650839,129.13781161885925,526.0388525650839
191003_TRT2_TRT015_F12_Amplitude,191003_TRT2_TRT015,F12,985.01745,324.93395,1204.1975036831093,881.7305470765541,219.18005368310924,556.7965970765541
191003_TRT2_TRT015_G01_Amplitude,191003_TRT2_TRT015,G01,997.47215,390.52405,1066.037813332139,1200.5926923264108,68.56566333213891,810.0686423264108
191003_TRT2_TRT015_G02_Amplitude,191003_TRT2_TRT015,G02,959.26775,315.46105,1214.6360043688828,954.0865917057043,255.36825436888284,638.6255417057043
191003_TRT2_TRT015_G03_Amplitude,191003_TRT2_TRT015,G03,967.206,481.11105,1068.3854540083241,700.5826261405396,101.17945400832411,219.47157614053958
191003_TRT2_TRT015_G04_Amplitude,191003_TRT2_TRT015,G04,980.2285,313.94095,1096.378618421719,784.5537098458765,116.15011842171896,470.6127598458765
191003_TRT2_TRT015_G05_Amplitude,191003_TRT2_TRT015,G05,975.28615,311.5685,1115.9724645779697,899.2751039334638,140.6863145779697,587.7066039334638
191003_TRT2_TRT015_G06_Amplitude,191003_TRT2_TRT015,G06,934.9599,276.77025,1012.3016395059813,692.4642488278753,77.34173950598131,415.6939988278753
191003_TRT2_TRT015_G07_Amplitude,191003_TRT2_TRT015,G07,1076.592,363.5014,1096.9375557275096,880.2663396354254,20.345555727509463,516.7649396354254
191003_TRT2_TRT015_G08_Amplitude,191003_TRT2_TRT015,G08,998.98665,334.9375,1085.2576412184171,765.4563381292016,86.27099121841707,430.51883812920164
191003_TRT2_TRT015_G09_Amplitude,191003_TRT2_TRT015,G09,991.81105,420.4843,1409.7922330784454,1276.2729023261772,417.9811830784454,855.7886023261772
191003_TRT2_TRT015_G10_Amplitude,191003_TRT2_TRT015,G10,1004.3508,327.2519,1066.8195626958923,967.4422273444814,62.468762695892224,640.1903273444814
191003_TRT2_TRT015_G11_Amplitude,191003_TRT2_TRT015,G11,980.9259,455.58065,1065.3425754427742,1160.780230195284,84.41667544277425,705.199580195284
191003_TRT2_TRT015_G12_Amplitude,191003_TRT2_TRT015,G12,1014.53445,493.78,1080.061650790409,1238.5047899725369,65.52720079040898,744.7247899725369
191003_TRT2_TRT015_H01_Amplitude,191003_TRT2_TRT015,H01,996.5523,359.70455000000004,1064.0357044557768,705.2631113188992,67.48340445577685,345.55856131889914
191003_TRT2_TRT015_H02_Amplitude,191003_TRT2_TRT015,H02,952.242,324.60110000000003,1050.6425050390783,662.5392090469878,98.40050503907833,337.9381090469878
191003_TRT2_TRT015_H03_Amplitude,191003_TRT2_TRT015,H03,966.98995,379.26275,1759.2366679261822,1101.0516625173652,792.2467179261822,721.7889125173652
191003_TRT2_TRT015_H04_Amplitude,191003_TRT2_TRT015,H04,981.91375,336.2411,1374.512107403441,1038.9786490255772,392.5983574034409,702.7375490255772
191003_TRT2_TRT015_H05_Amplitude,191003_TRT2_TRT015,H05,981.3683,359.92205,1064.0653570574323,712.212414170153,82.69705705743229,352.290364170153
191003_TRT2_TRT015_H06_Amplitude,191003_TRT2_TRT015,H06,934.4071,277.56769999999995,1057.1674374836764,692.673169875438,122.76033748367638,415.1054698754381
191003_TRT2_TRT015_H07_Amplitude,191003_TRT2_TRT015,H07,1072.8285,363.1947,2283.7135101905938,3154.8096355683588,1210.8850101905937,2791.6149355683588
191003_TRT2_TRT015_H08_Amplitude,191003_TRT2_TRT015,H08,965.76835,351.82450000000006,1528.1709302514407,1116.5807051383613,562.4025802514407,764.7562051383612
191003_TRT2_TRT015_H09_Amplitude,191003_TRT2_TRT015,H09,984.5202,345.1204,1064.9861654868694,713.579509316257,80.46596548686932,368.459109316257
191003_TRT2_TRT015_H10_Amplitude,191003_TRT2_TRT015,H10,998.12005,326.42775,1072.4832404778326,741.5187860755556,74.36319047783263,415.09103607555556
191003_TRT2_TRT015_H11_Amplitude,191003_TRT2_TRT015,H11,958.896,309.7395,1057.8482364876536,689.5087209617653,98.95223648765364,379.7692209617653
191003_TRT2_TRT015_H12_Amplitude,191003_TRT2_TRT015,H12,993.235,318.47120000000007,1061.501020978685,704.131992042348,68.26602097868488,385.6607920423479
200130_TRT13_TRT054_(BR_A01_Amplitude,200130_TRT13_TRT054_(BR,A01,1969.9485,2533.7305,1851.2380702973949,2869.310316594249,-118.7104297026051,335.57981659424877
200130_TRT13_TRT054_(BR_A02_Amplitude,200130_TRT13_TRT054_(BR,A02,1963.4265,3146.371,1765.1718225975512,2943.805908677916,-198.2546774024488,-202.5650913220843
200130_TRT13_TRT054_(BR_A03_Amplitude,200130_TRT13_TRT054_(BR,A03,1938.483,2362.5990000000006,2002.7661890449888,2307.3845141954894,64.28318904498883,-55.21448580451124
200130_TRT13_TRT054_(BR_A04_Amplitude,200130_TRT13_TRT054_(BR,A04,1978.096,3139.9855,1776.8758746949054,2931.4674008281277,-201.2201253050946,-208.5180991718721
200130_TRT13_TRT054_(BR_A05_Amplitude,200130_TRT13_TRT054_(BR,A05,1973.382,2550.44,1997.223896646465,3159.188084526517,23.841896646464875,608.7480845265168
200130_TRT13_TRT054_(BR_A06_Amplitude,200130_TRT13_TRT054_(BR,A06,1967.807,2416.486,1764.9948079048197,2896.8761707663452,-202.8121920951803,480.39017076634536
200130_TRT13_TRT054_(BR_A07_Amplitude,200130_TRT13_TRT054_(BR,A07,1971.129,3004.043,1612.6520393156827,2777.567644425826,-358.4769606843172,-226.47535557417405
200130_TRT13_TRT054_(BR_A08_Amplitude,200130_TRT13_TRT054_(BR,A08,1973.303,2772.222,1830.1673980488724,2710.498884523957,-143.13560195112768,-61.723115476043404
200130_TRT13_TRT054_(BR_A09_Amplitude,200130_TRT13_TRT054_(BR,A09,1958.603,2459.0205,1518.4623146914053,3006.424450301014,-440.1406853085948,547.403950301014
200130_TRT13_TRT054_(BR_A10_Amplitude,200130_TRT13_TRT054_(BR,A10,1971.698,2791.4125000000004,1756.3852225773371,2813.611927409773,-215.31277742266298,22.199427409772852
200130_TRT13_TRT054_(BR_A11_Amplitude,200130_TRT13_TRT054_(BR,A11,1968.82,2778.306,1728.2009724038048,2773.581860237009,-240.6190275961951,-4.724139762990944
200130_TRT13_TRT054_(BR_A12_Amplitude,200130_TRT13_TRT054_(BR,A12,1962.7705,2837.4705000000004,1592.1612262993604,2930.4137770363436,-370.60927370063973,92.94327703634326
200130_TRT13_TRT054_(BR_B01_Amplitude,200130_TRT13_TRT054_(BR,B01,2047.748,1954.6700000000003,1672.4604119187854,1972.5263357031206,-375.2875880812146,17.856335703120294
200130_TRT13_TRT054_(BR_B02_Amplitude,200130_TRT13_TRT054_(BR,B02,1971.955,2490.1485,1554.0747277576927,2693.446461836169,-417.8802722423072,203.29796183616918
200130_TRT13_TRT054_(BR_B03_Amplitude,200130_TRT13_TRT054_(BR,B03,1950.9995,2823.833,1732.9265832821986,2773.16891789976,-218.07291671780126,-50.66408210024019
200130_TRT13_TRT054_(BR_B04_Amplitude,200130_TRT13_TRT054_(BR,B04,1971.201,2605.8235,1708.2342962220541,2739.601716410762,-262.9667037779459,133.77821641076207
200130_TRT13_TRT054_(BR_B05_Amplitude,200130_TRT13_TRT054_(BR,B05,2015.296,2501.2665,1849.2222414363284,2847.4322298355282,-166.07375856367162,346.16572983552805
200130_TRT13_TRT054_(BR_B06_Amplitude,200130_TRT13_TRT054_(BR,B06,2057.6545,2487.321,1819.954471342143,2661.7690310616013,-237.70002865785705,174.44803106160134
200130_TRT13_TRT054_(BR_B07_Amplitude,200130_TRT13_TRT054_(BR,B07,1971.352,3010.4355,1685.5801911150622,2754.772213751433,-285.77180888493785,-255.66328624856715
200130_TRT13_TRT054_(BR_B08_Amplitude,200130_TRT13_TRT054_(BR,B08,1974.6645,2625.852,1743.365422070041,2849.1142651786795,-231.29907792995914,223.26226517867963
200130_TRT13_TRT054_(BR_B09_Amplitude,200130_TRT13_TRT054_(BR,B09,1965.5065,2552.8675000000003,1791.3958883727817,2676.497615990406,-174.1106116272183,123.63011599040556
200130_TRT13_TRT054_(BR_B10_Amplitude,200130_TRT13_TRT054_(BR,B10,1974.902,2487.6305,1801.6127523866253,2806.937637583157,-173.28924761337476,319.3071375831569
200130_TRT13_TRT054_(BR_B11_Amplitude,200130_TRT13_TRT054_(BR,B11,1969.4055,2584.4945,1546.1827400495856,2899.6099447051574,-423.22275995041446,315.11544470515764
200130_TRT13_TRT054_(BR_B12_Amplitude,200130_TRT13_TRT054_(BR,B12,1979.123,2920.7545,1744.688584293788,2798.4614709179946,-234.43441570621212,-122.29302908200543
200130_TRT13_TRT054_(BR_C01_Amplitude,200130_TRT13_TRT054_(BR,C01,1965.652,2695.4695,1742.6299901950772,2768.635904973737,-223.02200980492285,73.16640497373692
200130_TRT13_TRT054_(BR_C02_Amplitude,200130_TRT13_TRT054_(BR,C02,1971.281,2804.522,1671.1501740329297,2752.9266714149694,-300.1308259670702,-51.59532858503053
200130_TRT13_TRT054_(BR_C03_Amplitude,200130_TRT13_TRT054_(BR,C03,1986.4935,2637.228,1647.2606750940656,2810.677954362074,-339.2328249059344,173.4499543620741
200130_TRT13_TRT054_(BR_C04_Amplitude,200130_TRT13_TRT054_(BR,C04,1969.805,2528.702,1779.3500748147535,2313.5859043652767,-190.45492518524657,-215.11609563472348
200130_TRT13_TRT054_(BR_C05_Amplitude,200130_TRT13_TRT054_(BR,C05,1916.8,2574.3575,1774.4390049903502,2757.6644635445077,-142.36099500964974,183.30696354450765
200130_TRT13_TRT054_(BR_C06_Amplitude,200130_TRT13_TRT054_(BR,C06,1976.466,2550.7715,1679.0987730611357,2751.9558275655245,-297.3672269388642,201.18432756552465
200130_TRT13_TRT054_(BR_C07_Amplitude,200130_TRT13_TRT054_(BR,C07,1979.689,2657.0165,1696.7329358102006,3076.128363801064,-282.95606418979946,419.1118638010639
200130_TRT13_TRT054_(BR_C08_Amplitude,200130_TRT13_TRT054_(BR,C08,1967.7665,2446.5760000000005,1956.602294066099,2434.4217047239717,-11.16420593390103,-12.154295276028733
200130_TRT13_TRT054_(BR_C09_Amplitude,200130_TRT13_TRT054_(BR,C09,1970.017,2431.142,1710.2808992011833,2796.099917266671,-259.7361007988168,364.9579172666713
200130_TRT13_TRT054_(BR_C10_Amplitude,200130_TRT13_TRT054_(BR,C10,1969.4115,2525.244,1827.1753469210325,2716.8467571408355,-142.2361530789674,191.60275714083537
200130_TRT13_TRT054_(BR_C11_Amplitude,200130_TRT13_TRT054_(BR,C11,1967.892,2542.554,1775.979222061421,2955.2458922514843,-191.91277793857898,412.6918922514842
200130_TRT13_TRT054_(BR_C12_Amplitude,200130_TRT13_TRT054_(BR,C12,1798.0970000000002,2482.798,1645.0221819844376,2721.4750251249498,-153.07481801556264,238.67702512494998
200130_TRT13_TRT054_(BR_D01_Amplitude,200130_TRT13_TRT054_(BR,D01,1952.104,2486.7585,1796.0574950887444,3020.205071274164,-156.04650491125562,533.446571274164
200130_TRT13_TRT054_(BR_D02_Amplitude,200130_TRT13_TRT054_(BR,D02,1945.849,2502.498,1748.5497872475937,2841.938686868169,-197.29921275240622,339.440686868169
200130_TRT13_TRT054_(BR_D03_Amplitude,200130_TRT13_TRT054_(BR,D03,1975.681,2621.4405,1762.755497163545,2780.22398021465,-212.92550283645505,158.7834802146499
200130_TRT13_TRT054_(BR_D04_Amplitude,200130_TRT13_TRT054_(BR,D04,1963.022,2726.123,1681.1425026542745,3089.1785404631637,-281.87949734572544,363.05554046316365
200130_TRT13_TRT054_(BR_D05_Amplitude,200130_TRT13_TRT054_(BR,D05,1972.089,2538.2335000000003,2350.7786757826216,3029.9633229032256,378.68967578262163,491.72982290322534
200130_TRT13_TRT054_(BR_D06_Amplitude,200130_TRT13_TRT054_(BR,D06,1983.292,2508.3875,1739.1641365494859,2857.615127348015,-244.12786345051404,349.2276273480152
200130_TRT13_TRT054_(BR_D07_Amplitude,200130_TRT13_TRT054_(BR,D07,1981.079,2493.7720000000004,2021.1308655784005,2299.5287737740573,40.051865578400566,-194.2432262259431
200130_TRT13_TRT054_(BR_D08_Amplitude,200130_TRT13_TRT054_(BR,D08,1974.666,2520.2145,1692.0280579105688,2747.624510748154,-282.63794208943114,227.41001074815404
200130_TRT13_TRT054_(BR_D09_Amplitude,200130_TRT13_TRT054_(BR,D09,2005.7385,2512.6345,1935.6235776486292,2522.3485429954003,-70.11492235137075,9.714042995400177
200130_TRT13_TRT054_(BR_D10_Amplitude,200130_TRT13_TRT054_(BR,D10,1951.511,2622.1995,1836.4023577251535,2807.177115513347,-115.10864227484649,184.9776155133468
200130_TRT13_TRT054_(BR_D11_Amplitude,200130_TRT13_TRT054_(BR,D11,1967.273,2518.3325,1725.665000150704,3028.146716506655,-241.607999849296,509.81421650665516
200130_TRT13_TRT054_(BR_D12_Amplitude,200130_TRT13_TRT054_(BR,D12,1965.6695,2566.5925,1835.9712030318149,3235.2263159983504,-129.6982969681851,668.6338159983502
200130_TRT13_TRT054_(BR_E01_Amplitude,200130_TRT13_TRT054_(BR,E01,1964.7355,2594.7725,1908.5417446809793,2595.4831490309716,-56.19375531902074,0.7106490309715809
200130_TRT13_TRT054_(BR_E02_Amplitude,200130_TRT13_TRT054_(BR,E02,1976.078,2391.164,1726.3831970130868,2290.0700635846206,-249.69480298691315,-101.09393641537963
200130_TRT13_TRT054_(BR_E03_Amplitude,200130_TRT13_TRT054_(BR,E03,1980.004,2623.799,1833.566273459777,2821.4771068832506,-146.4377265402229,197.67810688325062
200130_TRT13_TRT054_(BR_E04_Amplitude,200130_TRT13_TRT054_(BR,E04,1956.4845,3147.869,1649.3018266560791,2760.063185678498,-307.1826733439209,-387.8058143215021
200130_TRT13_TRT054_(BR_E05_Amplitude,200130_TRT13_TRT054_(BR,E05,1982.8415,2414.284000000001,2080.5646077285805,2524.189620536319,97.72310772858054,109.90562053631811
200130_TRT13_TRT054_(BR_E06_Amplitude,200130_TRT13_TRT054_(BR,E06,2018.887,2541.5355,1738.1032050488766,2574.4315573657136,-280.78379495112335,32.89605736571366
200130_TRT13_TRT054_(BR_E07_Amplitude,200130_TRT13_TRT054_(BR,E07,1970.691,2542.844,1487.1800251744896,2515.4713710471265,-483.5109748255104,-27.372628952873583
200130_TRT13_TRT054_(BR_E08_Amplitude,200130_TRT13_TRT054_(BR,E08,1945.8795,2534.919,1675.8428452263836,2795.057264473096,-270.0366547736164,260.1382644730961
200130_TRT13_TRT054_(BR_E09_Amplitude,200130_TRT13_TRT054_(BR,E09,1971.0605,2618.9660000000003,1832.13105989173,2741.683514986612,-138.92944010827,122.7175149866116
200130_TRT13_TRT054_(BR_E10_Amplitude,200130_TRT13_TRT054_(BR,E10,1968.5745,2624.7875,1649.6983609328997,2748.3608271868247,-318.8761390671002,123.57332718682483
200130_TRT13_TRT054_(BR_E11_Amplitude,200130_TRT13_TRT054_(BR,E11,1965.2995,2571.9085,1781.9312752804626,2735.5598984994967,-183.36822471953747,163.65139849949674
200130_TRT13_TRT054_(BR_E12_Amplitude,200130_TRT13_TRT054_(BR,E12,1937.4095,2520.3450000000003,1810.6483478438304,2861.9643102718273,-126.7611521561696,341.6193102718271
200130_TRT13_TRT054_(BR_F01_Amplitude,200130_TRT13_TRT054_(BR,F01,1555.1460000000002,1900.4090000000003,1648.2312726535672,1891.7763694482803,93.08527265356702,-8.632630551720013
200130_TRT13_TRT054_(BR_F02_Amplitude,200130_TRT13_TRT054_(BR,F02,1959.3425,2479.8245,1828.442577195121,2442.8242083273176,-130.899922804879,-37.00029167268258
200130_TRT13_TRT054_(BR_F03_Amplitude,200130_TRT13_TRT054_(BR,F03,1952.5235,2566.7985,1878.3487300504585,2528.6250827816107,-74.17476994954154,-38.173417218389204
200130_TRT13_TRT054_(BR_F04_Amplitude,200130_TRT13_TRT054_(BR,F04,1969.3915,2591.161,1575.6437320838281,2547.9715783897527,-393.7477679161718,-43.18942161024734
200130_TRT13_TRT054_(BR_F05_Amplitude,200130_TRT13_TRT054_(BR,F05,1957.23,2542.027,1822.0863604989638,2605.803526563267,-135.1436395010362,63.776526563267
200130_TRT13_TRT054_(BR_F06_Amplitude,200130_TRT13_TRT054_(BR,F06,1976.772,2537.076,1743.2422992923237,3003.5454439716314,-233.52970070767628,466.46944397163134
200130_TRT13_TRT054_(BR_F07_Amplitude,200130_TRT13_TRT054_(BR,F07,1922.357,2556.9295,1652.1050036109402,2878.900063542584,-270.25199638905974,321.97056354258393
200130_TRT13_TRT054_(BR_F08_Amplitude,200130_TRT13_TRT054_(BR,F08,1964.8575,2533.0095,1624.0394002283094,2863.2749634254274,-340.81809977169064,330.26546342542724
200130_TRT13_TRT054_(BR_F09_Amplitude,200130_TRT13_TRT054_(BR,F09,1971.0225,2554.2650000000003,1708.4689006951742,2827.9330294125075,-262.55359930482587,273.66802941250717
200130_TRT13_TRT054_(BR_F10_Amplitude,200130_TRT13_TRT054_(BR,F10,1962.693,3085.299,1828.1518033612122,2899.0205701196514,-134.54119663878782,-186.27842988034854
200130_TRT13_TRT054_(BR_F11_Amplitude,200130_TRT13_TRT054_(BR,F11,1964.144,2538.239,1828.967668417404,2646.008128417965,-135.17633158259605,107.76912841796502
200130_TRT13_TRT054_(BR_F12_Amplitude,200130_TRT13_TRT054_(BR,F12,1967.677,2541.436,1702.777863438943,2844.145834078403,-264.8991365610568,302.70983407840276
200130_TRT13_TRT054_(BR_G01_Amplitude,200130_TRT13_TRT054_(BR,G01,1962.759,2526.546,1692.8148266250098,2761.2599572230065,-269.9441733749902,234.71395722300667
200130_TRT13_TRT054_(BR_G02_Amplitude,200130_TRT13_TRT054_(BR,G02,1963.9465,2602.0105000000003,1718.7359102204625,2980.410659744155,-245.2105897795375,378.40015974415473
200130_TRT13_TRT054_(BR_G03_Amplitude,200130_TRT13_TRT054_(BR,G03,1968.2015,2969.628,1811.4266486213598,2791.8025440841225,-156.77485137864005,-177.82545591587768
200130_TRT13_TRT054_(BR_G04_Amplitude,200130_TRT13_TRT054_(BR,G04,2000.9435,2624.0775,1865.5916544116956,2800.8673430647123,-135.3518455883045,176.7898430647124
200130_TRT13_TRT054_(BR_G05_Amplitude,200130_TRT13_TRT054_(BR,G05,1991.6485,2518.6065,2304.133613744827,2944.363895257627,312.485113744827,425.7573952576272
200130_TRT13_TRT054_(BR_G06_Amplitude,200130_TRT13_TRT054_(BR,G06,1790.7255,2568.3765000000003,1766.3121044029767,2615.254726673036,-24.413395597023282,46.8782266730359
200130_TRT13_TRT054_(BR_G07_Amplitude,200130_TRT13_TRT054_(BR,G07,1981.1415,2487.0835,1824.0360170656497,2809.764016377488,-157.10548293435022,322.68051637748795
200130_TRT13_TRT054_(BR_G08_Amplitude,200130_TRT13_TRT054_(BR,G08,1966.8445,2733.249,1813.7924260197417,2677.565729340195,-153.05207398025823,-55.68327065980475
200130_TRT13_TRT054_(BR_G09_Amplitude,200130_TRT13_TRT054_(BR,G09,1963.197,2461.035,1963.4869269651244,2402.2288679681906,0.2899269651245504,-58.806132031809284
200130_TRT13_TRT054_(BR_G10_Amplitude,200130_TRT13_TRT054_(BR,G10,1966.3475,2671.791,1758.396732041433,3115.6710409645766,-207.95076795856698,443.88004096457644
200130_TRT13_TRT054_(BR_G11_Amplitude,200130_TRT13_TRT054_(BR,G11,1961.728,2475.9105,1798.881260085228,2809.9816528407737,-162.84673991477212,334.0711528407737
200130_TRT13_TRT054_(BR_G12_Amplitude,200130_TRT13_TRT054_(BR,G12,1875.974,2687.0525,1896.7632604328496,3077.2544467506627,20.789260432849687,390.20194675066296
200130_TRT13_TRT054_(BR_H01_Amplitude,200130_TRT13_TRT054_(BR,H01,1961.8515,2559.9970000000003,1784.1761473591175,2791.500785578106,-177.67535264088247,231.50378557810564
200130_TRT13_TRT054_(BR_H02_Amplitude,200130_TRT13_TRT054_(BR,H02,1982.894,2554.7005,1819.583411455809,2814.729488311173,-163.31058854419098,260.0289883111732
200130_TRT13_TRT054_(BR_H03_Amplitude,200130_TRT13_TRT054_(BR,H03,1963.8995,2602.2885,1923.9350699972038,2570.6524623162422,-39.964430002796234,-31.636037683757877
200130_TRT13_TRT054_(BR_H04_Amplitude,200130_TRT13_TRT054_(BR,H04,1972.2825,2579.388,1660.8819113993948,2911.9492687663496,-311.40058860060526,332.5612687663497
200130_TRT13_TRT054_(BR_H05_Amplitude,200130_TRT13_TRT054_(BR,H05,2058.9435000000003,2515.571,1727.527141184124,2621.1295974022228,-331.41635881587626,105.55859740222286
200130_TRT13_TRT054_(BR_H06_Amplitude,200130_TRT13_TRT054_(BR,H06,1976.7745,2520.6755000000003,1668.37279469365,2878.0671433827915,-308.4017053063501,357.39164338279124
200130_TRT13_TRT054_(BR_H07_Amplitude,200130_TRT13_TRT054_(BR,H07,1974.178,2621.7575,1847.6843729227007,2769.3005182905904,-126.49362707729938,147.54301829059023
200130_TRT13_TRT054_(BR_H08_Amplitude,200130_TRT13_TRT054_(BR,H08,1965.5105,2574.6375,1840.9938806934838,2617.7355867816154,-124.5166193065163,43.09808678161562
200130_TRT13_TRT054_(BR_H09_Amplitude,200130_TRT13_TRT054_(BR,H09,1958.139,2851.4185,1858.778744810111,2743.570690870948,-99.3602551898889,-107.84780912905217
200130_TRT13_TRT054_(BR_H10_Amplitude,200130_TRT13_TRT054_(BR,H10,1964.5205,2536.3685,1841.8572944122484,2747.6177465884793,-122.66320558775169,211.2492465884793
200130_TRT13_TRT054_(BR_H11_Amplitude,200130_TRT13_TRT054_(BR,H11,1966.7535,2576.648,1742.462655625127,2806.350357533144,-224.29084437487313,229.70235753314364
200130_TRT13_TRT054_(BR_H12_Amplitude,200130_TRT13_TRT054_(BR,H12,1968.229,2616.7475000000004,1698.1937367430469,2954.3752862182355,-270.03526325695316,337.6277862182351
200226_TRT23_TRT081_A01_Amplitude,200226_TRT23_TRT081,A01,1261.284,1264.254,1797.4396386526846,1647.938373243253,536.1556386526845,383.68437324325305
200226_TRT23_TRT081_A02_Amplitude,200226_TRT23_TRT081,A02,1262.3085,1150.00055,1368.46620015422,1291.576690687264,106.15770015421981,141.57614068726411
200226_TRT23_TRT081_A03_Amplitude,200226_TRT23_TRT081,A03,1249.813,1120.9945,1343.7741585990539,1926.9005035010405,93.96115859905376,805.9060035010405
200226_TRT23_TRT081_A04_Amplitude,200226_TRT23_TRT081,A04,1259.721,1206.527,1409.6245469690743,1932.8406918315907,149.90354696907434,726.3136918315906
200226_TRT23_TRT081_A05_Amplitude,200226_TRT23_TRT081,A05,1249.274,1372.379,1350.604743025537,2011.6340581571287,101.330743025537,639.2550581571288
200226_TRT23_TRT081_A06_Amplitude,200226_TRT23_TRT081,A06,1243.9215,1180.609,1255.913975173827,1449.2078169459546,11.992475173827188,268.5988169459547
200226_TRT23_TRT081_A07_Amplitude,200226_TRT23_TRT081,A07,1249.9895,1298.056,1261.757178972547,1479.2351925348842,11.767678972547174,181.17919253488412
200226_TRT23_TRT081_A08_Amplitude,200226_TRT23_TRT081,A08,1260.547,1146.3945,1548.2289503128172,1881.8693410655565,287.6819503128172,735.4748410655563
200226_TRT23_TRT081_A09_Amplitude,200226_TRT23_TRT081,A09,1252.5115,1302.3205,1390.243734875397,1674.4526161569272,137.7322348753969,372.13211615692717
200226_TRT23_TRT081_A10_Amplitude,200226_TRT23_TRT081,A10,1250.2825,1222.4825,1357.6762343861792,1971.6184815770946,107.39373438617918,749.1359815770945
200226_TRT23_TRT081_A11_Amplitude,200226_TRT23_TRT081,A11,1249.2225,1195.4605,1325.8910074039557,2121.94502311003,76.66850740395557,926.4845231100301
200226_TRT23_TRT081_A12_Amplitude,200226_TRT23_TRT081,A12,1248.7815,1257.226,1242.6275674240758,1670.3975636111836,-6.153932575924273,413.1715636111835
200226_TRT23_TRT081_B01_Amplitude,200226_TRT23_TRT081,B01,1246.2285000000002,1177.183,1296.72011881995,1482.4702912315718,50.491618819949736,305.28729123157177
200226_TRT23_TRT081_B02_Amplitude,200226_TRT23_TRT081,B02,1249.5565,1148.2935,1230.1462031972899,1653.7151195813221,-19.410296802710036,505.42161958132215
200226_TRT23_TRT081_B03_Amplitude,200226_TRT23_TRT081,B03,1241.4335,1647.8998,1107.2235371764882,1332.5318070964747,-134.2099628235119,-315.3679929035252
200226_TRT23_TRT081_B04_Amplitude,200226_TRT23_TRT081,B04,1241.0605,1218.938,1236.5004868709607,1322.1083220311154,-4.560013129039362,103.17032203111535
200226_TRT23_TRT081_B05_Amplitude,200226_TRT23_TRT081,B05,1254.6025,1194.9535,1245.169929231802,1336.6030189261417,-9.432570768198048,141.64951892614158
200226_TRT23_TRT081_B06_Amplitude,200226_TRT23_TRT081,B06,1249.116,1124.6225,1271.6525450827562,1446.6306288822962,22.53654508275622,322.0081288822962
200226_TRT23_TRT081_B07_Amplitude,200226_TRT23_TRT081,B07,1244.155,1173.314,1318.3782315606682,1603.7534252192147,74.22323156066818,430.4394252192146
200226_TRT23_TRT081_B08_Amplitude,200226_TRT23_TRT081,B08,1253.7465000000002,1245.215,1275.3245573934064,1616.1882372408425,21.578057393406198,370.97323724084254
200226_TRT23_TRT081_B09_Amplitude,200226_TRT23_TRT081,B09,1227.3870000000002,1160.4585,1435.6868659427041,1522.7936262663338,208.29986594270395,362.3351262663339
200226_TRT23_TRT081_B10_Amplitude,200226_TRT23_TRT081,B10,1245.584,1210.3705,1300.4570348616614,1579.682861526796,54.87303486166138,369.31236152679594
200226_TRT23_TRT081_B11_Amplitude,200226_TRT23_TRT081,B11,896.1228000000001,632.1769000000002,953.1578143590252,558.629676449132,57.035014359025126,-73.54722355086813
200226_TRT23_TRT081_B12_Amplitude,200226_TRT23_TRT081,B12,1251.033,1245.9164999999998,1230.2220025811891,1813.9206631576985,-20.810997418810757,568.0041631576987
200226_TRT23_TRT081_C01_Amplitude,200226_TRT23_TRT081,C01,1252.9495,1184.193,1353.683677508784,1811.7009459920268,100.73417750878411,627.5079459920269
200226_TRT23_TRT081_C02_Amplitude,200226_TRT23_TRT081,C02,1249.3580000000002,1783.277,1258.7176109781024,1429.1939564820207,9.359610978102182,-354.0830435179794
200226_TRT23_TRT081_C03_Amplitude,200226_TRT23_TRT081,C03,1248.147,1587.3565,1274.1198970465548,1509.3278439861876,25.972897046554863,-78.02865601381245
200226_TRT23_TRT081_C04_Amplitude,200226_TRT23_TRT081,C04,1247.0595,1338.75,1291.0035061674694,1459.7572236025258,43.9440061674693,121.00722360252576
200226_TRT23_TRT081_C05_Amplitude,200226_TRT23_TRT081,C05,1249.5645,1201.9171,1273.376346669815,1365.2142360129335,23.81184666981494,163.2971360129336
200226_TRT23_TRT081_C06_Amplitude,200226_TRT23_TRT081,C06,1246.782,1165.5095,1305.8422346460993,1361.9896359002107,59.06023464609939,196.48013590021083
200226_TRT23_TRT081_C07_Amplitude,200226_TRT23_TRT081,C07,1248.279,1381.49,1240.9713080449346,1371.2487726592499,-7.307691955065366,-10.241227340750129
200226_TRT23_TRT081_C08_Amplitude,200226_TRT23_TRT081,C08,1247.9735,1187.625,1266.391771139709,1383.157512905186,18.41827113970885,195.53251290518597
200226_TRT23_TRT081_C09_Amplitude,200226_TRT23_TRT081,C09,1251.5185,1189.5025,1353.753644204663,1741.7039894117377,102.23514420466313,552.2014894117376
200226_TRT23_TRT081_C10_Amplitude,200226_TRT23_TRT081,C10,1249.871,1179.0465,1214.372718651444,1305.0188645515611,-35.49828134855602,125.97236455156121
200226_TRT23_TRT081_C11_Amplitude,200226_TRT23_TRT081,C11,1245.8805,1155.58,1228.9970514026757,1301.5964759759343,-16.883448597324332,146.01647597593433
200226_TRT23_TRT081_C12_Amplitude,200226_TRT23_TRT081,C12,1260.7565,1187.6995,1298.2311851249565,1532.3518478142846,37.47468512495652,344.65234781428467
200226_TRT23_TRT081_D01_Amplitude,200226_TRT23_TRT081,D01,1256.9105,1195.876,1263.971850885312,1297.9197162997718,7.061350885312095,102.04371629977186
200226_TRT23_TRT081_D02_Amplitude,200226_TRT23_TRT081,D02,1247.7205,1383.989,1316.0167829129236,1488.4016604112517,68.29628291292374,104.41266041125164
200226_TRT23_TRT081_D03_Amplitude,200226_TRT23_TRT081,D03,1248.9235,1226.342,1208.7815388476822,1263.7038679220323,-40.14196115231789,37.36186792203216
200226_TRT23_TRT081_D04_Amplitude,200226_TRT23_TRT081,D04,1240.5725000000002,1154.128,1227.9121874286905,1308.7513812921773,-12.66031257130976,154.62338129217733
200226_TRT23_TRT081_D05_Amplitude,200226_TRT23_TRT081,D05,1250.4475000000002,1417.3245000000002,1254.1685615353044,1633.5304454078016,3.721061535304216,216.20594540780144
200226_TRT23_TRT081_D06_Amplitude,200226_TRT23_TRT081,D06,1230.852,1184.3415,1299.6965445010976,1728.437093263858,68.84454450109752,544.0955932638581
200226_TRT23_TRT081_D07_Amplitude,200226_TRT23_TRT081,D07,1246.6365,1206.574,1259.4259661286517,1325.9007628467757,12.789466128651611,119.32676284677564
200226_TRT23_TRT081_D08_Amplitude,200226_TRT23_TRT081,D08,1251.01,1250.43,1259.525282883004,1740.9404004530516,8.51528288300392,490.5104004530515
200226_TRT23_TRT081_D09_Amplitude,200226_TRT23_TRT081,D09,1236.7375000000002,1234.382,1373.3302863995982,2198.9796223952885,136.59278639959803,964.5976223952885
200226_TRT23_TRT081_D10_Amplitude,200226_TRT23_TRT081,D10,1254.645,1166.9495000000002,1488.3542029756957,1863.9318393000224,233.7092029756957,696.9823393000222
200226_TRT23_TRT081_D11_Amplitude,200226_TRT23_TRT081,D11,1251.7675,1372.7165,1230.3076029174554,1528.5576803052898,-21.459897082544558,155.84118030528975
200226_TRT23_TRT081_D12_Amplitude,200226_TRT23_TRT081,D12,1250.067,1241.3525,1327.9358199750286,1803.7365437319875,77.8688199750286,562.3840437319875
200226_TRT23_TRT081_E01_Amplitude,200226_TRT23_TRT081,E01,1262.5175,1347.9015,1392.5719627873323,2092.756038430112,130.05446278733234,744.8545384301119
200226_TRT23_TRT081_E02_Amplitude,200226_TRT23_TRT081,E02,1243.3025,1195.965,1950.4354619925932,2064.7938678285004,707.1329619925932,868.8288678285005
200226_TRT23_TRT081_E03_Amplitude,200226_TRT23_TRT081,E03,1247.043,1108.1295,1243.4082773629295,1404.3623175240925,-3.634722637070354,296.2328175240925
200226_TRT23_TRT081_E04_Amplitude,200226_TRT23_TRT081,E04,1250.3605,1225.4160000000002,1477.646172499514,1756.372402404978,227.28567249951402,530.9564024049778
200226_TRT23_TRT081_E05_Amplitude,200226_TRT23_TRT081,E05,1231.903,1185.9365,1516.680466037858,1361.2001218591392,284.77746603785795,175.26362185913922
200226_TRT23_TRT081_E06_Amplitude,200226_TRT23_TRT081,E06,1251.0775,1144.9495,1247.4424715737732,1402.7256864308624,-3.6350284262268815,257.7761864308625
200226_TRT23_TRT081_E07_Amplitude,200226_TRT23_TRT081,E07,1246.9155,1429.3584999999998,1261.230477456214,1529.3695078708424,14.31497745621391,100.0110078708426
200226_TRT23_TRT081_E08_Amplitude,200226_TRT23_TRT081,E08,1252.4075,1057.7010000000002,1359.2855301000861,1423.3619408474804,106.87803010008611,365.6609408474801
200226_TRT23_TRT081_E09_Amplitude,200226_TRT23_TRT081,E09,1194.2835,1162.1295,1419.4592144810467,2274.1281931442777,225.17571448104673,1111.9986931442777
200226_TRT23_TRT081_E10_Amplitude,200226_TRT23_TRT081,E10,1264.028,1313.7645,1341.9319979822603,2082.7077029569186,77.90399798226031,768.9432029569186
200226_TRT23_TRT081_E11_Amplitude,200226_TRT23_TRT081,E11,1250.9385,1177.66,1244.7310422895553,1332.4954046171288,-6.207457710444714,154.8354046171287
200226_TRT23_TRT081_E12_Amplitude,200226_TRT23_TRT081,E12,1251.875,1179.932,1251.673902663375,1467.7592407701027,-0.2010973366250255,287.82724077010266
200226_TRT23_TRT081_F01_Amplitude,200226_TRT23_TRT081,F01,1237.8135,1186.5425,1413.3820018645472,1474.922279161864,175.56850186454722,288.379779161864
200226_TRT23_TRT081_F02_Amplitude,200226_TRT23_TRT081,F02,1251.732,1320.2405,1474.0514270947235,1646.1527725067458,222.31942709472355,325.9122725067457
200226_TRT23_TRT081_F03_Amplitude,200226_TRT23_TRT081,F03,1240.416,1254.232,1267.7906776360624,1412.1723626034518,27.374677636062415,157.94036260345183
200226_TRT23_TRT081_F04_Amplitude,200226_TRT23_TRT081,F04,1247.6975,1184.8565,1238.3662569846588,1393.5143336185965,-9.331243015341215,208.65783361859644
200226_TRT23_TRT081_F05_Amplitude,200226_TRT23_TRT081,F05,1252.96,1005.8060000000002,1195.7530694655827,1208.3155217636202,-57.206930534417324,202.50952176362
200226_TRT23_TRT081_F06_Amplitude,200226_TRT23_TRT081,F06,1238.52,1225.8385,1236.6583220282034,1323.3316368827843,-1.8616779717965528,97.49313688278426
200226_TRT23_TRT081_F07_Amplitude,200226_TRT23_TRT081,F07,1249.0435,1200.944,1281.4462433489896,1666.1802411336885,32.40274334898959,465.2362411336885
200226_TRT23_TRT081_F08_Amplitude,200226_TRT23_TRT081,F08,1265.273,1956.161,1305.9832894507201,1532.7999416995854,40.71028945072021,-423.3610583004147
200226_TRT23_TRT081_F09_Amplitude,200226_TRT23_TRT081,F09,1251.3015,1142.1735,1292.2543974057103,1339.6176781723223,40.952897405710246,197.44417817232215
200226_TRT23_TRT081_F10_Amplitude,200226_TRT23_TRT081,F10,1249.4995,1132.1470000000002,1241.9443834296985,1347.2588525827787,-7.555116570301379,215.1118525827785
200226_TRT23_TRT081_F11_Amplitude,200226_TRT23_TRT081,F11,953.2961,648.1577000000001,973.7760792321038,598.868604293931,20.4799792321038,-49.28909570606913
200226_TRT23_TRT081_F12_Amplitude,200226_TRT23_TRT081,F12,1254.723,1229.1905000000002,1801.0756888573046,1890.1605446428796,546.3526888573047,660.9700446428794
200226_TRT23_TRT081_G01_Amplitude,200226_TRT23_TRT081,G01,1258.518,1182.4955,1248.9878589615364,1331.0112761866264,-9.530141038463626,148.51577618662645
200226_TRT23_TRT081_G02_Amplitude,200226_TRT23_TRT081,G02,1247.5405,1761.313,1315.7633259466634,1552.0716287701175,68.2228259466633,-209.2413712298826
200226_TRT23_TRT081_G03_Amplitude,200226_TRT23_TRT081,G03,1241.625,1374.6165,1244.1946195292348,1637.258196027255,2.569619529234842,262.64169602725497
200226_TRT23_TRT081_G04_Amplitude,200226_TRT23_TRT081,G04,1248.9685,1170.6275,1273.0705419285378,1393.0699381134102,24.1020419285378,222.44243811341016
200226_TRT23_TRT081_G05_Amplitude,200226_TRT23_TRT081,G05,1244.149,1271.4705,1296.4387811980066,1457.7850500474617,52.28978119800672,186.3145500474618
200226_TRT23_TRT081_G06_Amplitude,200226_TRT23_TRT081,G06,1265.339,1246.8055,1816.9283800843632,1892.7274943717462,551.5893800843633,645.9219943717462
200226_TRT23_TRT081_G07_Amplitude,200226_TRT23_TRT081,G07,1247.9265,1183.368,1461.222155454852,1563.9540118088441,213.29565545485207,380.5860118088442
200226_TRT23_TRT081_G08_Amplitude,200226_TRT23_TRT081,G08,1235.9335,1133.07,1305.581797576932,1504.7661982666896,69.64829757693201,371.69619826668963
200226_TRT23_TRT081_G09_Amplitude,200226_TRT23_TRT081,G09,1243.7245,1150.107,1299.0142812557203,1484.8850297386962,55.2897812557203,334.7780297386962
200226_TRT23_TRT081_G10_Amplitude,200226_TRT23_TRT081,G10,1255.7165,1405.293,2018.3511709178806,1887.4659349381132,762.6346709178806,482.17293493811326
200226_TRT23_TRT081_G11_Amplitude,200226_TRT23_TRT081,G11,1254.2865000000002,1182.56,1425.9756408266603,1937.1444310985119,171.68914082666015,754.5844310985119
200226_TRT23_TRT081_G12_Amplitude,200226_TRT23_TRT081,G12,1250.1565,1232.985,1424.7243744325492,1685.2227231269933,174.56787443254916,452.2377231269934
200226_TRT23_TRT081_H01_Amplitude,200226_TRT23_TRT081,H01,1251.4585,1137.748,1243.6565233020044,1950.4211170152362,-7.801976697995542,812.6731170152361
200226_TRT23_TRT081_H02_Amplitude,200226_TRT23_TRT081,H02,1229.177,1218.4245,1252.028673584956,1455.1539617655183,22.85167358495619,236.72946176551818
200226_TRT23_TRT081_H03_Amplitude,200226_TRT23_TRT081,H03,1249.672,1207.5595,1253.1963295466628,1410.2294203060242,3.524329546662784,202.6699203060241
200226_TRT23_TRT081_H04_Amplitude,200226_TRT23_TRT081,H04,1250.1255,1293.765,1244.2040896481917,1671.8001690708918,-5.92141035180839,378.0351690708917
200226_TRT23_TRT081_H05_Amplitude,200226_TRT23_TRT081,H05,1248.7665,1328.176,1264.8633797645296,1494.6363832538027,16.096879764529604,166.46038325380277
200226_TRT23_TRT081_H06_Amplitude,200226_TRT23_TRT081,H06,1238.46,1205.445,1266.9112004474346,1345.500691330241,28.45120044743453,140.05569133024096
200226_TRT23_TRT081_H07_Amplitude,200226_TRT23_TRT081,H07,1216.35,1186.7855,1466.0398454075776,1545.8980889875531,249.68984540757765,359.1125889875532
200226_TRT23_TRT081_H08_Amplitude,200226_TRT23_TRT081,H08,1241.6305,1138.5365,1506.6100395513672,1356.0484056544435,264.9795395513672,217.51190565444358
200226_TRT23_TRT081_H09_Amplitude,200226_TRT23_TRT081,H09,1238.6035,1155.004,1522.505683798657,1813.62974029701,283.902183798657,658.62574029701
200226_TRT23_TRT081_H10_Amplitude,200226_TRT23_TRT081,H10,1247.2255,1219.7905,1328.283870468525,1723.937284105545,81.05837046852503,504.14678410554484
200226_TRT23_TRT081_H11_Amplitude,200226_TRT23_TRT081,H11,1245.2985,1156.3255,1246.4950809311622,1937.5599555066685,1.1965809311620887,781.2344555066686
200226_TRT23_TRT081_H12_Amplitude,200226_TRT23_TRT081,H12,1234.0115,1151.464,1288.7403106931295,1516.4624349563583,54.72881069312939,364.9984349563583
200306_TRT23_TRT095_A01_Amplitude,200306_TRT23_TRT095,A01,2409.3905,2723.4515,2125.033019289778,3684.6182424259687,-284.3574807102218,961.1667424259686
200306_TRT23_TRT095_A02_Amplitude,200306_TRT23_TRT095,A02,2230.3010000000004,2688.272,2252.090564061897,2971.468394152085,21.789564061896726,283.19639415208485
200306_TRT23_TRT095_A03_Amplitude,200306_TRT23_TRT095,A03,2288.7845,2764.054,2016.0972145624548,3425.579452533137,-272.68728543754537,661.525452533137
200306_TRT23_TRT095_A04_Amplitude,200306_TRT23_TRT095,A04,2357.6665000000003,2907.32,2052.356508720219,3487.898393393948,-305.3099912797811,580.5783933939479
200306_TRT23_TRT095_A05_Amplitude,200306_TRT23_TRT095,A05,2402.2205000000004,2729.2855,2090.507236958067,3637.722341068328,-311.71326304193326,908.4368410683282
200306_TRT23_TRT095_A06_Amplitude,200306_TRT23_TRT095,A06,2139.3315,2735.0505000000003,1996.0644166856684,3424.244412273403,-143.26708331433133,689.1939122734029
200306_TRT23_TRT095_A07_Amplitude,200306_TRT23_TRT095,A07,2275.0585,2487.634,2058.0931988484767,3675.9262872572044,-216.96530115152336,1188.2922872572044
200306_TRT23_TRT095_A08_Amplitude,200306_TRT23_TRT095,A08,2341.781,2821.1620000000003,2130.9872389771945,3007.7715047052,-210.79376102280548,186.60950470519992
200306_TRT23_TRT095_A09_Amplitude,200306_TRT23_TRT095,A09,2625.464,2863.084,2135.2768818499744,3995.78345835259,-490.1871181500255,1132.6994583525902
200306_TRT23_TRT095_A10_Amplitude,200306_TRT23_TRT095,A10,2467.257,3094.3475,2096.294785764569,3385.0524437800423,-370.962214235431,290.7049437800424
200306_TRT23_TRT095_A11_Amplitude,200306_TRT23_TRT095,A11,2557.954,3179.183,2252.3514022881754,3086.1217440629184,-305.6025977118247,-93.06125593708157
200306_TRT23_TRT095_A12_Amplitude,200306_TRT23_TRT095,A12,2560.9025,2895.249,2045.2832047986938,3721.143608516453,-515.6192952013064,825.894608516453
200306_TRT23_TRT095_B01_Amplitude,200306_TRT23_TRT095,B01,2350.2165,2728.2075000000004,2423.9273583302206,3871.9509474316783,73.71085833022062,1143.7434474316779
200306_TRT23_TRT095_B02_Amplitude,200306_TRT23_TRT095,B02,2251.3715,2689.307,1961.6356852361796,2739.1022246422494,-289.7358147638206,49.79522464224965
200306_TRT23_TRT095_B03_Amplitude,200306_TRT23_TRT095,B03,2286.296,2947.491,2185.8750345144313,4205.479310071615,-100.42096548556856,1257.9883100716152
200306_TRT23_TRT095_B04_Amplitude,200306_TRT23_TRT095,B04,2364.428,2865.731,1859.0828826364177,3072.5952995996317,-505.3451173635822,206.86429959963152
200306_TRT23_TRT095_B05_Amplitude,200306_TRT23_TRT095,B05,2398.4885,2654.365,2293.775997187585,3115.5957217884093,-104.7125028124151,461.2307217884095
200306_TRT23_TRT095_B06_Amplitude,200306_TRT23_TRT095,B06,2140.0295,2619.6535000000003,2160.789936806864,4042.019873628638,20.76043680686371,1422.3663736286376
200306_TRT23_TRT095_B07_Amplitude,200306_TRT23_TRT095,B07,2265.267,2505.3655,2088.3302413741894,3753.2210764625593,-176.9367586258104,1247.8555764625594
200306_TRT23_TRT095_B08_Amplitude,200306_TRT23_TRT095,B08,2322.255,2814.203,2440.9247203391474,3041.5525578207216,118.66972033914726,227.34955782072166
200306_TRT23_TRT095_B09_Amplitude,200306_TRT23_TRT095,B09,2580.163,2935.517,2279.180776203531,2943.7679028509983,-300.98222379646904,8.2509028509985
200306_TRT23_TRT095_B10_Amplitude,200306_TRT23_TRT095,B10,2434.4735,3014.1535,2072.2902103737392,3727.187561585481,-362.18328962626083,713.0340615854811
200306_TRT23_TRT095_B11_Amplitude,200306_TRT23_TRT095,B11,1180.7780000000002,1683.2510000000002,1200.8020656211681,1484.960672505133,20.024065621167892,-198.29032749486714
200306_TRT23_TRT095_B12_Amplitude,200306_TRT23_TRT095,B12,2559.7275,2978.927,1896.391831555068,3199.7497988587406,-663.335668444932,220.8227988587405
200306_TRT23_TRT095_C01_Amplitude,200306_TRT23_TRT095,C01,2443.391,2702.337,2288.9780480472873,4154.70055710439,-154.41295195271277,1452.36355710439
200306_TRT23_TRT095_C02_Amplitude,200306_TRT23_TRT095,C02,2271.408,2754.6400000000003,2032.6166326339185,3548.972803996439,-238.79136736608143,794.3328039964385
200306_TRT23_TRT095_C03_Amplitude,200306_TRT23_TRT095,C03,2319.4015,2773.526,1956.1832233230764,2754.021434582861,-363.21827667692355,-19.50456541713902
200306_TRT23_TRT095_C04_Amplitude,200306_TRT23_TRT095,C04,2375.2545,2875.1095,2031.4825050915251,3620.156546398831,-343.7719949084749,745.0470463988308
200306_TRT23_TRT095_C05_Amplitude,200306_TRT23_TRT095,C05,2408.2735,2733.293,2041.3022379895745,3665.743473240387,-366.97126201042533,932.450473240387
200306_TRT23_TRT095_C06_Amplitude,200306_TRT23_TRT095,C06,2081.9790000000003,2750.382,2092.7960836822285,3505.154219286537,10.817083682228258,754.7722192865372
200306_TRT23_TRT095_C07_Amplitude,200306_TRT23_TRT095,C07,2270.772,2507.129,1957.9568608500267,3268.879645696403,-312.8151391499732,761.7506456964029
200306_TRT23_TRT095_C08_Amplitude,200306_TRT23_TRT095,C08,2371.6005,2765.1425,2120.6285390684666,3344.6089209291245,-250.97196093153343,579.4664209291245
200306_TRT23_TRT095_C09_Amplitude,200306_TRT23_TRT095,C09,2619.1435,2923.1135,2030.2211638670567,3647.5491405831767,-588.9223361329434,724.4356405831768
200306_TRT23_TRT095_C10_Amplitude,200306_TRT23_TRT095,C10,2415.4715,3002.4205,1965.0723141320266,3231.5747230307447,-450.39918586797353,229.15422303074456
200306_TRT23_TRT095_C11_Amplitude,200306_TRT23_TRT095,C11,2557.44,3534.0015,1942.0163903085306,3463.956690990432,-615.4236096914694,-70.04480900956787
200306_TRT23_TRT095_C12_Amplitude,200306_TRT23_TRT095,C12,2658.534,2862.5495,2321.399900020067,3287.7232444372303,-337.1340999799331,425.1737444372302
200306_TRT23_TRT095_D01_Amplitude,200306_TRT23_TRT095,D01,2350.016,2712.894,2415.316678331716,4018.32237022158,65.30067833171597,1305.4283702215803
200306_TRT23_TRT095_D02_Amplitude,200306_TRT23_TRT095,D02,2282.9155,2717.2005,2051.5566978297006,3634.5137103354828,-231.35880217029944,917.3132103354828
200306_TRT23_TRT095_D03_Amplitude,200306_TRT23_TRT095,D03,2293.101,2696.759,2068.4229161008675,3486.890388442435,-224.67808389913262,790.1313884424349
200306_TRT23_TRT095_D04_Amplitude,200306_TRT23_TRT095,D04,2349.047,3446.816,2044.8844917932013,3768.3308996017604,-304.16250820679875,321.5148996017606
200306_TRT23_TRT095_D05_Amplitude,200306_TRT23_TRT095,D05,2390.5685000000003,2652.491,2303.670517879802,3209.3785818372353,-86.89798212019832,556.8875818372353
200306_TRT23_TRT095_D06_Amplitude,200306_TRT23_TRT095,D06,2148.2455,2765.196,2306.6088218690043,3037.667520919856,158.36332186900427,272.4715209198562
200306_TRT23_TRT095_D07_Amplitude,200306_TRT23_TRT095,D07,2269.7405,2545.0,2379.9197548774446,3111.8583879525013,110.17925487744469,566.8583879525013
200306_TRT23_TRT095_D08_Amplitude,200306_TRT23_TRT095,D08,2273.056,2768.0745,2352.7026013495215,3120.375247124818,79.64660134952146,352.3007471248179
200306_TRT23_TRT095_D09_Amplitude,200306_TRT23_TRT095,D09,2582.2835,2881.205,2337.714819462484,3045.2726729956644,-244.56868053751623,164.06767299566445
200306_TRT23_TRT095_D10_Amplitude,200306_TRT23_TRT095,D10,2434.8385,3266.973,2188.4707868115693,2998.678228220046,-246.36771318843057,-268.29477177995386
200306_TRT23_TRT095_D11_Amplitude,200306_TRT23_TRT095,D11,2549.3945,3190.86,2133.7862354181593,3612.440888547993,-415.60826458184056,421.5808885479928
200306_TRT23_TRT095_D12_Amplitude,200306_TRT23_TRT095,D12,2561.723,2881.7905,2324.2205119330833,3092.5564337113424,-237.5024880669166,210.7659337113423
200306_TRT23_TRT095_E01_Amplitude,200306_TRT23_TRT095,E01,2386.9805,2717.5055,2207.529763785895,4080.3081844849407,-179.4507362141053,1362.8026844849405
200306_TRT23_TRT095_E02_Amplitude,200306_TRT23_TRT095,E02,2234.9545,2706.685,2057.765079861102,3737.067258363502,-177.18942013889773,1030.382258363502
200306_TRT23_TRT095_E03_Amplitude,200306_TRT23_TRT095,E03,2358.0,2887.971,2166.203448416522,3000.5548607958376,-191.79655158347805,112.58386079583761
200306_TRT23_TRT095_E04_Amplitude,200306_TRT23_TRT095,E04,2360.815,2780.551,1938.4748359039588,3149.0609174912265,-422.34016409604124,368.5099174912266
200306_TRT23_TRT095_E05_Amplitude,200306_TRT23_TRT095,E05,2327.3885,2685.7555,2386.0702351205978,3032.0848595276384,58.68173512059775,346.3293595276382
200306_TRT23_TRT095_E06_Amplitude,200306_TRT23_TRT095,E06,2147.712,2990.533,1976.4621129402065,3640.853301716993,-171.24988705979354,650.3203017169931
200306_TRT23_TRT095_E07_Amplitude,200306_TRT23_TRT095,E07,2266.797,2563.1400000000003,2090.177456038683,3851.7466162788055,-176.61954396131705,1288.6066162788052
200306_TRT23_TRT095_E08_Amplitude,200306_TRT23_TRT095,E08,2330.599,2916.512,2279.454664095802,3249.9251489853223,-51.144335904198215,333.4131489853221
200306_TRT23_TRT095_E09_Amplitude,200306_TRT23_TRT095,E09,2628.9905,2881.248,2299.5677281956387,3129.200927779777,-329.4227718043612,247.95292777977693
200306_TRT23_TRT095_E10_Amplitude,200306_TRT23_TRT095,E10,2436.869,3058.709,2058.434283985743,3618.3264580599534,-378.434716014257,559.6174580599536
200306_TRT23_TRT095_E11_Amplitude,200306_TRT23_TRT095,E11,2559.5615,3102.232,2146.8711044898077,3229.3026293863186,-412.69039551019205,127.07062938631861
200306_TRT23_TRT095_E12_Amplitude,200306_TRT23_TRT095,E12,2528.687,2903.9195,1970.0832289442633,3824.3887463726533,-558.6037710557366,920.4692463726533
200306_TRT23_TRT095_F01_Amplitude,200306_TRT23_TRT095,F01,2363.6245,2718.8275000000003,2431.0752963009627,4419.875025849975,67.45079630096279,1701.0475258499746
200306_TRT23_TRT095_F02_Amplitude,200306_TRT23_TRT095,F02,2233.2380000000003,2712.6925,2149.1943594569825,3886.4189201758218,-84.04364054301777,1173.7264201758217
200306_TRT23_TRT095_F03_Amplitude,200306_TRT23_TRT095,F03,2286.6,2771.7105,2068.6071615711394,3759.4900893289437,-217.99283842886052,987.7795893289435
200306_TRT23_TRT095_F04_Amplitude,200306_TRT23_TRT095,F04,2344.307,3052.821,1908.134843168744,2653.26661920888,-436.17215683125573,-399.5543807911199
200306_TRT23_TRT095_F05_Amplitude,200306_TRT23_TRT095,F05,2397.3535,2748.6760000000004,2426.0452753551285,4431.920613154568,28.691775355128357,1683.2446131545676
200306_TRT23_TRT095_F06_Amplitude,200306_TRT23_TRT095,F06,2126.7205,3219.834,2052.572073185743,3664.2098648950046,-74.14842681425671,444.3758648950047
200306_TRT23_TRT095_F07_Amplitude,200306_TRT23_TRT095,F07,2263.6415,2513.056,2000.6608321630163,3540.3694126776663,-262.9806678369839,1027.3134126776663
200306_TRT23_TRT095_F08_Amplitude,200306_TRT23_TRT095,F08,2345.948,2787.6710000000003,2324.6713338016043,3683.5632164301123,-21.27666619839556,895.8922164301121
200306_TRT23_TRT095_F09_Amplitude,200306_TRT23_TRT095,F09,2618.8935,2874.8395,2211.0348573377664,2963.91902175354,-407.8586426622337,89.07952175354012
200306_TRT23_TRT095_F10_Amplitude,200306_TRT23_TRT095,F10,2424.6205,3500.0185,2025.742012282063,3593.002552435521,-398.8784877179371,92.98405243552088
200306_TRT23_TRT095_F11_Amplitude,200306_TRT23_TRT095,F11,1212.514,1625.3440000000005,1190.8457128873385,1470.0332463785462,-21.668287112661346,-155.3107536214543
200306_TRT23_TRT095_F12_Amplitude,200306_TRT23_TRT095,F12,2570.802,2958.5945,2079.624134046213,3934.1847025308384,-491.1778659537872,975.5902025308383
200306_TRT23_TRT095_G01_Amplitude,200306_TRT23_TRT095,G01,2393.536,2732.9145,2078.006655069256,3744.97901279653,-315.5293449307442,1012.0645127965299
200306_TRT23_TRT095_G02_Amplitude,200306_TRT23_TRT095,G02,2250.699,2855.3140000000003,1947.0533541109305,2884.925347115395,-303.64564588906956,29.611347115394892
200306_TRT23_TRT095_G03_Amplitude,200306_TRT23_TRT095,G03,2269.585,2822.3775,2046.265457331251,3749.4629887333986,-223.31954266874914,927.0854887333985
200306_TRT23_TRT095_G04_Amplitude,200306_TRT23_TRT095,G04,2343.775,2928.271,1875.8685443814277,2819.402941787416,-467.9064556185724,-108.8680582125844
200306_TRT23_TRT095_G05_Amplitude,200306_TRT23_TRT095,G05,2409.1815,2635.688,2058.5876441474834,3724.1458623446006,-350.59385585251675,1088.4578623446005
200306_TRT23_TRT095_G06_Amplitude,200306_TRT23_TRT095,G06,2158.3755,2717.769,1952.0158204854808,3171.830660327067,-206.35967951451926,454.06166032706733
200306_TRT23_TRT095_G07_Amplitude,200306_TRT23_TRT095,G07,2297.0820000000003,2526.6095,2151.448241335592,3764.7754925697254,-145.63375866440856,1238.1659925697254
200306_TRT23_TRT095_G08_Amplitude,200306_TRT23_TRT095,G08,2349.06,2845.2305,1974.4126521796993,3396.3580335255288,-374.64734782030064,551.1275335255286
200306_TRT23_TRT095_G09_Amplitude,200306_TRT23_TRT095,G09,2626.463,2975.5865000000003,2429.227018120025,4266.897860657123,-197.23598187997504,1291.3113606571223
200306_TRT23_TRT095_G10_Amplitude,200306_TRT23_TRT095,G10,2433.3375,3295.6515,2401.542117412717,3443.3549241761007,-31.795382587283257,147.70342417610073
200306_TRT23_TRT095_G11_Amplitude,200306_TRT23_TRT095,G11,2545.01,3337.8465,2269.042287752023,3244.989944397734,-275.96771224797703,-92.85655560226633
200306_TRT23_TRT095_G12_Amplitude,200306_TRT23_TRT095,G12,2559.1345,2864.75,1996.638505292289,3749.337687983995,-562.4959947077111,884.5876879839948
200306_TRT23_TRT095_H01_Amplitude,200306_TRT23_TRT095,H01,2395.1965,2692.633,2087.0625140803927,3806.571332943127,-308.1339859196073,1113.938332943127
200306_TRT23_TRT095_H02_Amplitude,200306_TRT23_TRT095,H02,2253.0175,2758.0055,2078.2982925250335,3649.9670606709683,-174.71920747496642,891.9615606709681
200306_TRT23_TRT095_H03_Amplitude,200306_TRT23_TRT095,H03,2312.393,2772.866,2115.067936680509,3763.2661126010876,-197.32506331949116,990.4001126010876
200306_TRT23_TRT095_H04_Amplitude,200306_TRT23_TRT095,H04,2372.307,2829.0535,1864.8670437714286,3211.5694287263905,-507.4399562285712,382.5159287263905
200306_TRT23_TRT095_H05_Amplitude,200306_TRT23_TRT095,H05,2383.916,2751.373,1969.229386332523,3583.405557491157,-414.6866136674771,832.0325574911571
200306_TRT23_TRT095_H06_Amplitude,200306_TRT23_TRT095,H06,2158.5415000000003,2743.3035,2227.270627233996,3620.5117147196706,68.72912723399577,877.2082147196707
200306_TRT23_TRT095_H07_Amplitude,200306_TRT23_TRT095,H07,2288.5035,2519.437,2142.4660344994277,3078.545965286098,-146.03746550057213,559.1089652860983
200306_TRT23_TRT095_H08_Amplitude,200306_TRT23_TRT095,H08,2071.1725,2825.5815,2455.6552637871227,3089.3311080197864,384.4827637871226,263.7496080197866
200306_TRT23_TRT095_H09_Amplitude,200306_TRT23_TRT095,H09,2611.0525,2866.1085000000003,1996.565030654177,3523.579637805507,-614.4874693458228,657.4711378055067
200306_TRT23_TRT095_H10_Amplitude,200306_TRT23_TRT095,H10,2416.936,3168.8355,2062.9666949364164,3820.5538980106357,-353.96930506358376,651.7183980106356
200306_TRT23_TRT095_H11_Amplitude,200306_TRT23_TRT095,H11,2547.0045,3236.1595,2033.6739549701401,3688.0952592720882,-513.3305450298599,451.93575927208803
200306_TRT23_TRT095_H12_Amplitude,200306_TRT23_TRT095,H12,2580.459,2961.3375,2099.0441448887555,4100.66872670139,-481.4148551112444,1139.3312267013903
201001_TRT20_TRT118_A01_Amplitude,201001_TRT20_TRT118,A01,1998.8545,2827.1695,2189.979139646204,3244.5968115050455,191.1246396462043,417.4273115050455
201001_TRT20_TRT118_A02_Amplitude,201001_TRT20_TRT118,A02,1983.554,2731.269,1870.958335236156,2883.6964186539967,-112.59566476384407,152.42741865399694
201001_TRT20_TRT118_A03_Amplitude,201001_TRT20_TRT118,A03,1975.9225,2501.3285,1880.7776190825211,3323.946055732096,-95.14488091747876,822.6175557320958
201001_TRT20_TRT118_A04_Amplitude,201001_TRT20_TRT118,A04,1952.4285,3628.534,1791.7294229720044,2852.203025185883,-160.6990770279956,-776.3309748141173
201001_TRT20_TRT118_A05_Amplitude,201001_TRT20_TRT118,A05,2061.0685,3167.2825000000003,1862.8623292851241,3151.31084727776,-198.20617071487573,-15.971652722240378
201001_TRT20_TRT118_A06_Amplitude,201001_TRT20_TRT118,A06,2000.1925,3216.2295000000004,1794.5159652717775,2904.8937439714923,-205.67653472822258,-311.33575602850806
201001_TRT20_TRT118_A07_Amplitude,201001_TRT20_TRT118,A07,2026.276,1922.384,1901.1061656043028,2078.8660732228523,-125.16983439569731,156.48207322285225
201001_TRT20_TRT118_A08_Amplitude,201001_TRT20_TRT118,A08,1945.046,2616.5945,1753.0243741405047,2561.3510839736196,-192.02162585949532,-55.2434160263806
201001_TRT20_TRT118_A09_Amplitude,201001_TRT20_TRT118,A09,1953.6595,2477.4305,1707.3122211142595,2533.75612226831,-246.34727888574048,56.32562226830987
201001_TRT20_TRT118_A10_Amplitude,201001_TRT20_TRT118,A10,1912.267,2177.8990000000003,2114.263126906384,2223.6464582839103,201.996126906384,45.747458283909964
201001_TRT20_TRT118_A11_Amplitude,201001_TRT20_TRT118,A11,1918.4375,2322.3365000000003,1731.403200005411,2829.6747166858327,-187.034299994589,507.3382166858323
201001_TRT20_TRT118_A12_Amplitude,201001_TRT20_TRT118,A12,1987.88,2604.0725,2192.3668035646165,2627.1536531858806,204.48680356461637,23.08115318588034
201001_TRT20_TRT118_B01_Amplitude,201001_TRT20_TRT118,B01,1982.7325,2468.008,1959.4447910983042,2598.6723282736302,-23.28770890169585,130.66432827363042
201001_TRT20_TRT118_B02_Amplitude,201001_TRT20_TRT118,B02,1969.128,2778.272,1948.4288450436077,2780.71323441643,-20.69915495639225,2.441234416430234
201001_TRT20_TRT118_B03_Amplitude,201001_TRT20_TRT118,B03,1988.7215,2454.2465,1764.724308044691,2672.55142191414,-223.99719195530906,218.30492191413987
201001_TRT20_TRT118_B04_Amplitude,201001_TRT20_TRT118,B04,1973.708,2543.954,1910.0623677582555,2499.1801923774983,-63.64563224174458,-44.77380762250186
201001_TRT20_TRT118_B05_Amplitude,201001_TRT20_TRT118,B05,1977.952,2559.1635,1920.8920242901793,2735.2240082381927,-57.05997570982072,176.0605082381926
201001_TRT20_TRT118_B06_Amplitude,201001_TRT20_TRT118,B06,1974.0925,2669.9375,1745.2678780056242,2661.814125636907,-228.82462199437578,-8.123374363092807
201001_TRT20_TRT118_B07_Amplitude,201001_TRT20_TRT118,B07,1971.574,2534.995,1854.3338264044737,2605.847462673476,-117.24017359552636,70.85246267347611
201001_TRT20_TRT118_B08_Amplitude,201001_TRT20_TRT118,B08,1830.02,2487.1180000000004,1721.1903753633085,2444.670908389871,-108.8296246366915,-42.44709161012952
201001_TRT20_TRT118_B09_Amplitude,201001_TRT20_TRT118,B09,1984.7215,2628.907,1774.9668795030664,2836.7123314281653,-209.75462049693374,207.80533142816512
201001_TRT20_TRT118_B10_Amplitude,201001_TRT20_TRT118,B10,1974.338,2548.7275,1731.4741015611473,2517.2561198915055,-242.86389843885263,-31.471380108494486
201001_TRT20_TRT118_B11_Amplitude,201001_TRT20_TRT118,B11,1976.5825,2530.2525,1934.3734585907316,3033.1092445112713,-42.209041409268366,502.85674451127124
201001_TRT20_TRT118_B12_Amplitude,201001_TRT20_TRT118,B12,2019.812,2453.599,1882.0451442588394,3123.301813122925,-137.7668557411605,669.7028131229249
201001_TRT20_TRT118_C01_Amplitude,201001_TRT20_TRT118,C01,2016.3975,2563.0315,2058.97125948446,2960.8008241238344,42.57375948445997,397.7693241238344
201001_TRT20_TRT118_C02_Amplitude,201001_TRT20_TRT118,C02,1972.6805,2524.393,1904.1372289494966,3202.920895793544,-68.54327105050334,678.5278957935438
201001_TRT20_TRT118_C03_Amplitude,201001_TRT20_TRT118,C03,2003.649,2489.1030000000005,1768.0683577523428,2427.9679181354268,-235.58064224765712,-61.13508186457375
201001_TRT20_TRT118_C04_Amplitude,201001_TRT20_TRT118,C04,1941.3075,2487.033,1728.629223750348,2694.8135370892887,-212.67827624965184,207.78053708928883
201001_TRT20_TRT118_C05_Amplitude,201001_TRT20_TRT118,C05,1942.001,2629.2615,1980.9312366637587,3393.5677599871565,38.930236663758706,764.3062599871564
201001_TRT20_TRT118_C06_Amplitude,201001_TRT20_TRT118,C06,1981.4,2534.8535,1775.5414076812785,2600.8162145893766,-205.85859231872155,65.96271458937645
201001_TRT20_TRT118_C07_Amplitude,201001_TRT20_TRT118,C07,1975.164,2551.130000000001,1788.9311067550393,2499.63919117553,-186.23289324496068,-51.49080882447106
201001_TRT20_TRT118_C08_Amplitude,201001_TRT20_TRT118,C08,1962.398,2549.8635000000004,1926.1772220535731,2788.5453134346194,-36.22077794642678,238.68181343461902
201001_TRT20_TRT118_C09_Amplitude,201001_TRT20_TRT118,C09,1973.8195,2544.4685,2053.2344949051294,2605.8684819585505,79.41499490512933,61.3999819585506
201001_TRT20_TRT118_C10_Amplitude,201001_TRT20_TRT118,C10,1975.953,2518.2755,1966.7675518874446,2591.261871341877,-9.185448112555378,72.98637134187675
201001_TRT20_TRT118_C11_Amplitude,201001_TRT20_TRT118,C11,1974.8135,2526.522,1907.803717304384,2807.9363757492392,-67.00978269561597,281.4143757492393
201001_TRT20_TRT118_C12_Amplitude,201001_TRT20_TRT118,C12,1974.3925,2843.2380000000003,1753.9816462269127,2878.835623540539,-220.41085377308718,35.597623540538734
201001_TRT20_TRT118_D01_Amplitude,201001_TRT20_TRT118,D01,2003.315,2562.499,1903.8185768666967,3085.923511178825,-99.49642313330332,523.424511178825
201001_TRT20_TRT118_D02_Amplitude,201001_TRT20_TRT118,D02,1976.4645,2566.3165,1898.7565029116172,2750.5490530831867,-77.70799708838285,184.23255308318676
201001_TRT20_TRT118_D03_Amplitude,201001_TRT20_TRT118,D03,1974.7115,2514.4285,1927.4496845676874,2708.740941824231,-47.26181543231246,194.31244182423097
201001_TRT20_TRT118_D04_Amplitude,201001_TRT20_TRT118,D04,1995.58,2594.314,1685.959027945819,2601.7232660484315,-309.62097205418104,7.409266048431618
201001_TRT20_TRT118_D05_Amplitude,201001_TRT20_TRT118,D05,1974.774,2410.216,1818.8115637867977,2898.4578604236617,-155.96243621320218,488.2418604236618
201001_TRT20_TRT118_D06_Amplitude,201001_TRT20_TRT118,D06,1953.7975,2193.461,1858.2080670323724,2219.1845483866377,-95.58943296762754,25.723548386637958
201001_TRT20_TRT118_D07_Amplitude,201001_TRT20_TRT118,D07,1982.571,2161.7280000000005,1855.0603761959753,2203.612970688631,-127.51062380402459,41.88497068863035
201001_TRT20_TRT118_D08_Amplitude,201001_TRT20_TRT118,D08,1959.646,2302.092000000001,1860.0925500289763,2233.688771586581,-99.55344997102361,-68.40322841342004
201001_TRT20_TRT118_D09_Amplitude,201001_TRT20_TRT118,D09,1963.545,2572.286,1614.0409462139935,2652.6085591193732,-349.5040537860066,80.32255911937318
201001_TRT20_TRT118_D10_Amplitude,201001_TRT20_TRT118,D10,1966.4615,2614.365,1580.159502671694,2434.2868361816313,-386.3019973283058,-180.07816381836847
201001_TRT20_TRT118_D11_Amplitude,201001_TRT20_TRT118,D11,1911.2105,2523.644,2077.841336962175,2827.6237597913905,166.63083696217495,303.97975979139073
201001_TRT20_TRT118_D12_Amplitude,201001_TRT20_TRT118,D12,1988.5455,2541.1795,2203.4126267343813,2774.306932853555,214.86712673438137,233.12743285355464
201001_TRT20_TRT118_E01_Amplitude,201001_TRT20_TRT118,E01,2021.68,2517.549,1777.3394150673269,2688.2960315098735,-244.3405849326732,170.74703150987352
201001_TRT20_TRT118_E02_Amplitude,201001_TRT20_TRT118,E02,1972.9715,2850.7295,1673.675126447331,2940.340838711672,-299.29637355266914,89.61133871167203
201001_TRT20_TRT118_E03_Amplitude,201001_TRT20_TRT118,E03,1971.4875,3053.5375,1727.36094638411,2736.115831130639,-244.12655361588986,-317.42166886936093
201001_TRT20_TRT118_E04_Amplitude,201001_TRT20_TRT118,E04,1951.448,2455.0335,1685.7831081893032,2596.2298383955635,-265.6648918106969,141.19633839556354
201001_TRT20_TRT118_E05_Amplitude,201001_TRT20_TRT118,E05,2008.9785,2131.8440000000005,1822.5819093445598,2197.6496263998806,-186.39659065544015,65.80562639988011
201001_TRT20_TRT118_E06_Amplitude,201001_TRT20_TRT118,E06,1984.4445,2111.8340000000003,1832.7429387945967,2182.7056401178743,-151.70156120540332,70.871640117874
201001_TRT20_TRT118_E07_Amplitude,201001_TRT20_TRT118,E07,1982.8855,3033.519,1776.1352599154186,3276.576477348415,-206.7502400845815,243.05747734841543
201001_TRT20_TRT118_E08_Amplitude,201001_TRT20_TRT118,E08,1986.824,2454.6360000000004,1796.7193131149115,2466.965944370166,-190.10468688508854,12.329944370165776
201001_TRT20_TRT118_E09_Amplitude,201001_TRT20_TRT118,E09,2044.78,2862.449,1676.928956170942,2672.2704004217253,-367.85104382905797,-190.17859957827477
201001_TRT20_TRT118_E10_Amplitude,201001_TRT20_TRT118,E10,1968.9865,2774.0435,1683.8582503346865,2821.154800584596,-285.12824966531343,47.11130058459594
201001_TRT20_TRT118_E11_Amplitude,201001_TRT20_TRT118,E11,1982.075,2105.4180000000006,1889.4652275052213,2165.841184321427,-92.60977249477878,60.42318432142656
201001_TRT20_TRT118_E12_Amplitude,201001_TRT20_TRT118,E12,1995.968,2148.6850000000004,1941.141406417613,2217.889011273494,-54.82659358238698,69.2040112734935
201001_TRT20_TRT118_F01_Amplitude,201001_TRT20_TRT118,F01,2012.709,2536.7050000000004,1852.8240423730779,2540.8017216065195,-159.8849576269222,4.096721606519168
201001_TRT20_TRT118_F02_Amplitude,201001_TRT20_TRT118,F02,1983.356,2381.7630000000004,1820.1959301451577,2364.7400764651006,-163.16006985484228,-17.022923534899746
201001_TRT20_TRT118_F03_Amplitude,201001_TRT20_TRT118,F03,1979.4475,2545.531,1799.1414226475517,2965.3016472330182,-180.30607735244826,419.7706472330183
201001_TRT20_TRT118_F04_Amplitude,201001_TRT20_TRT118,F04,2002.3495,2565.276,1705.1481893856744,2654.9557910257968,-297.2013106143256,89.67979102579693
201001_TRT20_TRT118_F05_Amplitude,201001_TRT20_TRT118,F05,1977.215,2711.936,1684.44104801716,2631.8960112805835,-292.7739519828399,-80.03998871941667
201001_TRT20_TRT118_F06_Amplitude,201001_TRT20_TRT118,F06,1958.6875,2945.3835,1691.7231902884332,2917.7120625207426,-266.9643097115668,-27.671437479257293
201001_TRT20_TRT118_F07_Amplitude,201001_TRT20_TRT118,F07,1965.3725,2688.7935,1639.6396259037633,2722.6073222753043,-325.7328740962366,33.81382227530412
201001_TRT20_TRT118_F08_Amplitude,201001_TRT20_TRT118,F08,1967.202,2389.9410000000003,1704.388646396095,2336.3406282026526,-262.81335360390494,-53.600371797347634
201001_TRT20_TRT118_F09_Amplitude,201001_TRT20_TRT118,F09,1972.716,2280.1000000000004,1763.4171510108558,2298.2766079818484,-209.29884898914406,18.176607981848065
201001_TRT20_TRT118_F10_Amplitude,201001_TRT20_TRT118,F10,1980.2335,2538.9130000000005,1814.51209391714,2543.387792178045,-165.72140608286009,4.474792178044481
201001_TRT20_TRT118_F11_Amplitude,201001_TRT20_TRT118,F11,1975.8325,2982.0975,1801.8564961787952,2662.616459469063,-173.9760038212048,-319.48104053093675
201001_TRT20_TRT118_F12_Amplitude,201001_TRT20_TRT118,F12,1990.207,2574.913,2019.9988211476402,2740.8895002491863,29.79182114764012,165.9765002491863
201001_TRT20_TRT118_G01_Amplitude,201001_TRT20_TRT118,G01,1965.137,2515.3775,1881.951464696834,2942.7881419052137,-83.18553530316603,427.41064190521365
201001_TRT20_TRT118_G02_Amplitude,201001_TRT20_TRT118,G02,1974.7345,3236.4385,1985.255186050911,3164.559749634062,10.520686050911081,-71.87875036593823
201001_TRT20_TRT118_G03_Amplitude,201001_TRT20_TRT118,G03,1987.558,3339.927,1757.082463653499,2864.8256688448937,-230.47553634650103,-475.10133115510644
201001_TRT20_TRT118_G04_Amplitude,201001_TRT20_TRT118,G04,1944.0015,2428.7035,1732.5960321934085,2753.7295164281227,-211.40546780659156,325.0260164281226
201001_TRT20_TRT118_G05_Amplitude,201001_TRT20_TRT118,G05,1997.3945,2451.673,1737.5973003478648,2438.2417059272298,-259.7971996521353,-13.431294072770015
201001_TRT20_TRT118_G06_Amplitude,201001_TRT20_TRT118,G06,1959.7685,2520.8285,1680.5693951640872,2963.3072976286553,-279.19910483591275,442.47879762865523
201001_TRT20_TRT118_G07_Amplitude,201001_TRT20_TRT118,G07,2000.2855,3064.773,1743.3233939747038,2964.206180374504,-256.9621060252962,-100.56681962549601
201001_TRT20_TRT118_G08_Amplitude,201001_TRT20_TRT118,G08,1965.5505,2358.409000000001,1811.3671715906637,2353.329829528939,-154.18332840933635,-5.079170471061843
201001_TRT20_TRT118_G09_Amplitude,201001_TRT20_TRT118,G09,1931.567,2439.7330000000006,1731.930126536844,2441.6678172614284,-199.636873463156,1.9348172614277246
201001_TRT20_TRT118_G10_Amplitude,201001_TRT20_TRT118,G10,1938.953,2425.3845,1759.2452071669825,2988.7638304588745,-179.7077928330175,563.3793304588744
201001_TRT20_TRT118_G11_Amplitude,201001_TRT20_TRT118,G11,1942.5425,3100.7335000000003,1904.475635628381,3076.157075215863,-38.066864371618976,-24.57642478413709
201001_TRT20_TRT118_G12_Amplitude,201001_TRT20_TRT118,G12,1989.8145,2559.8885,1927.1782527568998,2833.4515312755234,-62.636247243100115,273.5630312755234
201001_TRT20_TRT118_H01_Amplitude,201001_TRT20_TRT118,H01,1976.8425,2678.4025,1964.3779737079894,2978.500159059182,-12.464526292010532,300.09765905918175
201001_TRT20_TRT118_H02_Amplitude,201001_TRT20_TRT118,H02,2008.5825,2530.6585,2281.6609602105436,2867.9792972238456,273.07846021054365,337.3207972238456
201001_TRT20_TRT118_H03_Amplitude,201001_TRT20_TRT118,H03,1952.3705,2525.0015,1770.7204103507547,2627.68923009562,-181.65008964924527,102.68773009562028
201001_TRT20_TRT118_H04_Amplitude,201001_TRT20_TRT118,H04,1970.815,2834.633,1709.55919562482,2704.736696918984,-261.2558043751801,-129.89630308101596
201001_TRT20_TRT118_H05_Amplitude,201001_TRT20_TRT118,H05,1964.138,2992.424,1761.1591868742344,2984.693257215683,-202.97881312576556,-7.730742784317044
201001_TRT20_TRT118_H06_Amplitude,201001_TRT20_TRT118,H06,1961.476,2928.598,1754.94098583685,2875.3015095874352,-206.5350141631502,-53.29649041256471
201001_TRT20_TRT118_H07_Amplitude,201001_TRT20_TRT118,H07,1979.443,2583.3425,1737.895845281611,2904.6205122897304,-241.54715471838904,321.2780122897302
201001_TRT20_TRT118_H08_Amplitude,201001_TRT20_TRT118,H08,1980.8875,2497.5565,1976.8224322414328,3156.6235989685215,-4.065067758567238,659.0670989685213
201001_TRT20_TRT118_H09_Amplitude,201001_TRT20_TRT118,H09,1971.409,2182.3180000000007,1881.3752465801692,2208.89557724698,-90.03375341983087,26.577577246979217
201001_TRT20_TRT118_H10_Amplitude,201001_TRT20_TRT118,H10,1977.852,3042.36,1922.8239328173759,2743.353776011608,-55.02806718262423,-299.0062239883923
201001_TRT20_TRT118_H11_Amplitude,201001_TRT20_TRT118,H11,1978.6795,2542.7545,1937.7212974686001,3409.3826288312475,-40.95820253139982,866.6281288312475
201001_TRT20_TRT118_H12_Amplitude,201001_TRT20_TRT118,H12,1974.595,2798.528,2078.5918076117955,2916.8632233307,103.99680761179548,118.33522333070005
210802_MIP-043_TRT63_TA171_A01_Amplitude,210802_MIP-043_TRT63_TA171,A01,2845.6245,10898.99,2589.256036828907,10580.510010075472,-256.368463171093,-318.4799899245281
210802_MIP-043_TRT63_TA171_A02_Amplitude,210802_MIP-043_TRT63_TA171,A02,2858.3465,10697.095,2679.267412902683,11793.938404205672,-179.07908709731691,1096.8434042056724
210802_MIP-043_TRT63_TA171_A03_Amplitude,210802_MIP-043_TRT63_TA171,A03,2792.261,10485.360000000002,2401.08026021684,9005.204060983366,-391.1807397831599,-1480.1559390166367
210802_MIP-043_TRT63_TA171_A04_Amplitude,210802_MIP-043_TRT63_TA171,A04,2818.174,10558.535,2571.1762724675878,10047.568800319208,-246.99772753241223,-510.96619968079176
210802_MIP-043_TRT63_TA171_A05_Amplitude,210802_MIP-043_TRT63_TA171,A05,2827.684,10266.910000000002,2323.0489544675493,8365.72149412596,-504.63504553245093,-1901.1885058740409
210802_MIP-043_TRT63_TA171_A06_Amplitude,210802_MIP-043_TRT63_TA171,A06,2859.291,10268.13,2301.616823421013,8402.421882433182,-557.674176578987,-1865.7081175668172
210802_MIP-043_TRT63_TA171_A07_Amplitude,210802_MIP-043_TRT63_TA171,A07,2676.0605,10637.02,2426.0666685495544,8874.069249078464,-249.99383145044567,-1762.9507509215364
210802_MIP-043_TRT63_TA171_A08_Amplitude,210802_MIP-043_TRT63_TA171,A08,2804.119,10719.455,2568.787690779304,10489.087124158805,-235.3313092206963,-230.3678758411952
210802_MIP-043_TRT63_TA171_A09_Amplitude,210802_MIP-043_TRT63_TA171,A09,2839.2225,10498.64,2286.0721802669277,8416.50996451719,-553.1503197330721,-2082.130035482809
210802_MIP-043_TRT63_TA171_A10_Amplitude,210802_MIP-043_TRT63_TA171,A10,2830.668,10374.180000000002,2466.474315075543,9190.664114387488,-364.1936849244571,-1183.5158856125145
210802_MIP-043_TRT63_TA171_A11_Amplitude,210802_MIP-043_TRT63_TA171,A11,2831.8555,10720.01,2527.441253629507,9956.939012160485,-304.41424637049295,-763.0709878395155
210802_MIP-043_TRT63_TA171_A12_Amplitude,210802_MIP-043_TRT63_TA171,A12,2744.581,10619.08,2578.0137006196755,10535.110639329943,-166.56729938032458,-83.96936067005663
210802_MIP-043_TRT63_TA171_B01_Amplitude,210802_MIP-043_TRT63_TA171,B01,2836.6775,10681.855,2462.2513601396677,9140.543080752115,-374.4261398603321,-1541.3119192478844
210802_MIP-043_TRT63_TA171_B02_Amplitude,210802_MIP-043_TRT63_TA171,B02,2847.8595,10688.055,2660.924574231704,11079.955122359386,-186.93492576829613,391.90012235938593
210802_MIP-043_TRT63_TA171_B03_Amplitude,210802_MIP-043_TRT63_TA171,B03,2634.5140000000006,9921.777000000002,2339.202701469261,8835.468348847084,-295.3112985307398,-1086.3086511529182
210802_MIP-043_TRT63_TA171_B04_Amplitude,210802_MIP-043_TRT63_TA171,B04,2838.1945,10791.0,2552.508156361465,10328.040997975855,-285.68634363853516,-462.95900202414487
210802_MIP-043_TRT63_TA171_B05_Amplitude,210802_MIP-043_TRT63_TA171,B05,2847.203,10654.0,2568.719976097897,10348.019936643119,-278.483023902103,-305.98006335688115
210802_MIP-043_TRT63_TA171_B06_Amplitude,210802_MIP-043_TRT63_TA171,B06,2865.3990000000003,10573.340000000002,2343.764120761379,8556.487452223142,-521.6348792386211,-2016.8525477768599
210802_MIP-043_TRT63_TA171_B07_Amplitude,210802_MIP-043_TRT63_TA171,B07,2798.4265,10742.405,2452.2126149795704,9376.839022276872,-346.21388502042964,-1365.5659777231285
210802_MIP-043_TRT63_TA171_B08_Amplitude,210802_MIP-043_TRT63_TA171,B08,2858.0455,10539.565,2648.411459526302,10941.034153869354,-209.63404047369795,401.46915386935325
210802_MIP-043_TRT63_TA171_B09_Amplitude,210802_MIP-043_TRT63_TA171,B09,2899.639,10452.500000000002,2325.403932393009,8462.72216031423,-574.2350676069909,-1989.777839685772
210802_MIP-043_TRT63_TA171_B10_Amplitude,210802_MIP-043_TRT63_TA171,B10,2726.929,11262.655,2677.2211269163035,11697.722951309746,-49.70787308369654,435.0679513097457
210802_MIP-043_TRT63_TA171_B11_Amplitude,210802_MIP-043_TRT63_TA171,B11,2959.326,10571.180000000002,2438.1518456588046,9247.728118604711,-521.1741543411954,-1323.451881395291
210802_MIP-043_TRT63_TA171_B12_Amplitude,210802_MIP-043_TRT63_TA171,B12,2967.754,10642.685,2658.0150676449884,11049.241482701776,-309.73893235501146,406.556482701777
210802_MIP-043_TRT63_TA171_C01_Amplitude,210802_MIP-043_TRT63_TA171,C01,2845.1015,10683.85,2393.0619979067155,8664.905093000107,-452.0395020932847,-2018.9449069998936
210802_MIP-043_TRT63_TA171_C02_Amplitude,210802_MIP-043_TRT63_TA171,C02,2848.905,10686.655,2665.886091613727,11282.555258089815,-183.01890838627332,595.9002580898141
210802_MIP-043_TRT63_TA171_C03_Amplitude,210802_MIP-043_TRT63_TA171,C03,2571.688000000001,9701.911000000002,2364.1886631597367,8973.621384261265,-207.49933684026428,-728.2896157387368
210802_MIP-043_TRT63_TA171_C04_Amplitude,210802_MIP-043_TRT63_TA171,C04,2882.7135,10625.745,2551.822879704589,10359.162977780295,-330.8906202954108,-266.5820222197053
210802_MIP-043_TRT63_TA171_C05_Amplitude,210802_MIP-043_TRT63_TA171,C05,2773.5735,10712.245,2558.9301844001284,10063.036915815734,-214.64331559987158,-649.2080841842671
210802_MIP-043_TRT63_TA171_C06_Amplitude,210802_MIP-043_TRT63_TA171,C06,2783.518,10623.735,2670.93517617304,11704.03422183636,-112.58282382696007,1080.2992218363597
210802_MIP-043_TRT63_TA171_C07_Amplitude,210802_MIP-043_TRT63_TA171,C07,2753.146,10710.009999999998,2563.9523118228244,10442.608467258024,-189.19368817717577,-267.40153274197473
210802_MIP-043_TRT63_TA171_C08_Amplitude,210802_MIP-043_TRT63_TA171,C08,2811.407,10713.76,2592.1968380570434,11057.90211226768,-219.2101619429568,344.1421122676802
210802_MIP-043_TRT63_TA171_C09_Amplitude,210802_MIP-043_TRT63_TA171,C09,2807.35,11317.99,2571.2672634206783,10933.268883342349,-236.0827365793216,-384.7211166576508
210802_MIP-043_TRT63_TA171_C10_Amplitude,210802_MIP-043_TRT63_TA171,C10,2731.123,10564.35,2645.7115616780875,10920.904622919445,-85.41143832191256,356.5546229194442
210802_MIP-043_TRT63_TA171_C11_Amplitude,210802_MIP-043_TRT63_TA171,C11,2883.8455000000004,10674.39,2410.408307939247,9164.776819848677,-473.4371920607532,-1509.613180151322
210802_MIP-043_TRT63_TA171_C12_Amplitude,210802_MIP-043_TRT63_TA171,C12,2882.248,10680.195,2663.815760544699,11019.846593897213,-218.432239455301,339.6515938972134
210802_MIP-043_TRT63_TA171_D01_Amplitude,210802_MIP-043_TRT63_TA171,D01,2849.961,10682.52,2586.642743765291,10634.572759904075,-263.31825623470877,-47.947240095925736
210802_MIP-043_TRT63_TA171_D02_Amplitude,210802_MIP-043_TRT63_TA171,D02,2804.633,10626.420000000002,2342.8202170236004,8502.772837936478,-461.8127829763994,-2123.647162063524
210802_MIP-043_TRT63_TA171_D03_Amplitude,210802_MIP-043_TRT63_TA171,D03,2811.74,10876.759999999998,2710.052777131464,11993.641311761514,-101.68722286853563,1116.8813117615155
210802_MIP-043_TRT63_TA171_D04_Amplitude,210802_MIP-043_TRT63_TA171,D04,2847.3815,10697.315,2645.3469291702304,11080.606243172288,-202.03457082976956,383.29124317228707
210802_MIP-043_TRT63_TA171_D05_Amplitude,210802_MIP-043_TRT63_TA171,D05,2744.624,10593.07,2547.7812258485415,9936.875479013155,-196.84277415145834,-656.1945209868445
210802_MIP-043_TRT63_TA171_D06_Amplitude,210802_MIP-043_TRT63_TA171,D06,2743.583,10690.06,2692.852763667942,11267.821274019152,-50.73023633205821,577.7612740191526
210802_MIP-043_TRT63_TA171_D07_Amplitude,210802_MIP-043_TRT63_TA171,D07,2730.1385,10871.525,2658.7505582346803,11019.594600468152,-71.38794176531974,148.0696004681522
210802_MIP-043_TRT63_TA171_D08_Amplitude,210802_MIP-043_TRT63_TA171,D08,2797.867,10804.155,2569.8102875051773,10624.01149894849,-228.05671249482293,-180.1435010515106
210802_MIP-043_TRT63_TA171_D09_Amplitude,210802_MIP-043_TRT63_TA171,D09,2847.1515,10529.375,2406.8340392619343,9063.821905018129,-440.3174607380656,-1465.5530949818713
210802_MIP-043_TRT63_TA171_D10_Amplitude,210802_MIP-043_TRT63_TA171,D10,2680.947,10648.285,2604.9710971304685,10484.169551720035,-75.97590286953164,-164.11544827996477
210802_MIP-043_TRT63_TA171_D11_Amplitude,210802_MIP-043_TRT63_TA171,D11,2759.8065,10806.315,2653.7303835318035,10971.252418712194,-106.07611646819669,164.9374187121939
210802_MIP-043_TRT63_TA171_D12_Amplitude,210802_MIP-043_TRT63_TA171,D12,2663.2685,10477.430000000002,2393.3853312972024,9122.464995150893,-269.8831687027978,-1354.9650048491094
210802_MIP-043_TRT63_TA171_E01_Amplitude,210802_MIP-043_TRT63_TA171,E01,2871.866,10690.58,2580.027438004327,10528.19713823968,-291.838561995673,-162.38286176031943
210802_MIP-043_TRT63_TA171_E02_Amplitude,210802_MIP-043_TRT63_TA171,E02,2854.2025,10678.985,2671.5964555506534,11088.946781705117,-182.60604444934643,409.96178170511666
210802_MIP-043_TRT63_TA171_E03_Amplitude,210802_MIP-043_TRT63_TA171,E03,2856.422,10649.105,2674.6701889859432,11047.884427449168,-181.75181101405678,398.779427449168
210802_MIP-043_TRT63_TA171_E04_Amplitude,210802_MIP-043_TRT63_TA171,E04,2777.101,10556.51,2437.5953112654506,9254.610128075587,-339.5056887345495,-1301.8998719244137
210802_MIP-043_TRT63_TA171_E05_Amplitude,210802_MIP-043_TRT63_TA171,E05,2816.3775,10695.43,2679.0314169705543,11309.63111772988,-137.3460830294457,614.2011177298791
210802_MIP-043_TRT63_TA171_E06_Amplitude,210802_MIP-043_TRT63_TA171,E06,2705.285,10712.384999999998,2711.7956648285617,11743.37152349811,6.510664828561858,1030.9865234981116
210802_MIP-043_TRT63_TA171_E07_Amplitude,210802_MIP-043_TRT63_TA171,E07,2853.0705,10728.5,2677.290023144668,11784.026993429903,-175.78047685533193,1055.526993429903
210802_MIP-043_TRT63_TA171_E08_Amplitude,210802_MIP-043_TRT63_TA171,E08,2785.549,10699.495,2676.280554368909,11753.347118805834,-109.2684456310908,1053.852118805833
210802_MIP-043_TRT63_TA171_E09_Amplitude,210802_MIP-043_TRT63_TA171,E09,2787.0445,10938.47,2670.6552090533132,11142.332174093557,-116.38929094668674,203.86217409355777
210802_MIP-043_TRT63_TA171_E10_Amplitude,210802_MIP-043_TRT63_TA171,E10,2745.7455,10495.925,2686.6733128132787,11225.196860026183,-59.072187186721294,729.2718600261833
210802_MIP-043_TRT63_TA171_E11_Amplitude,210802_MIP-043_TRT63_TA171,E11,2792.7315,10522.110000000002,2435.6344689493903,9190.557658655218,-357.09703105060953,-1331.5523413447845
210802_MIP-043_TRT63_TA171_E12_Amplitude,210802_MIP-043_TRT63_TA171,E12,2912.594,10745.465,2671.7763759746686,11222.16335547982,-240.8176240253315,476.69835547982075
210802_MIP-043_TRT63_TA171_F01_Amplitude,210802_MIP-043_TRT63_TA171,F01,2847.335,10692.51,2570.0280341032626,10350.875108900109,-277.30696589673744,-341.6348910998913
210802_MIP-043_TRT63_TA171_F02_Amplitude,210802_MIP-043_TRT63_TA171,F02,2833.396,10686.9,2582.1953661495295,10438.728943044363,-251.2006338504707,-248.17105695563623
210802_MIP-043_TRT63_TA171_F03_Amplitude,210802_MIP-043_TRT63_TA171,F03,2804.0505000000003,10665.915,2702.713729114729,11981.705200458911,-101.33677088527111,1315.7902004589105
210802_MIP-043_TRT63_TA171_F04_Amplitude,210802_MIP-043_TRT63_TA171,F04,2750.589,10667.875,2708.617364353771,12009.474789362766,-41.97163564622906,1341.5997893627664
210802_MIP-043_TRT63_TA171_F05_Amplitude,210802_MIP-043_TRT63_TA171,F05,2822.067,10511.340000000002,2339.7368355788863,8463.246307166997,-482.33016442111375,-2048.0936928330048
210802_MIP-043_TRT63_TA171_F06_Amplitude,210802_MIP-043_TRT63_TA171,F06,2863.6455,11042.565,2705.102145526926,11557.193019281664,-158.54335447307403,514.628019281663
210802_MIP-043_TRT63_TA171_F07_Amplitude,210802_MIP-043_TRT63_TA171,F07,2772.442,10930.495,2694.7592878759006,11362.850972723209,-77.68271212409945,432.35597272320774
210802_MIP-043_TRT63_TA171_F08_Amplitude,210802_MIP-043_TRT63_TA171,F08,2837.1895,10669.205,2671.04073305196,11191.23412378173,-166.1487669480398,522.029123781731
210802_MIP-043_TRT63_TA171_F09_Amplitude,210802_MIP-043_TRT63_TA171,F09,2784.217,10799.275,2690.4397575005532,11211.970353040073,-93.77724249944686,412.6953530400733
210802_MIP-043_TRT63_TA171_F10_Amplitude,210802_MIP-043_TRT63_TA171,F10,2848.128,11043.21,2714.32045469427,11794.2546365949,-133.80754530572995,751.044636594901
210802_MIP-043_TRT63_TA171_F11_Amplitude,210802_MIP-043_TRT63_TA171,F11,2839.29,10721.585,2689.839266274438,11794.443589551092,-149.4507337255618,1072.8585895510932
210802_MIP-043_TRT63_TA171_F12_Amplitude,210802_MIP-043_TRT63_TA171,F12,2803.5730000000003,10476.040000000005,2444.187618085664,9191.972173817694,-359.38538191433645,-1284.0678261823105
210802_MIP-043_TRT63_TA171_G01_Amplitude,210802_MIP-043_TRT63_TA171,G01,2942.357,10695.45,2477.1828478940265,9339.258356676362,-465.17415210597346,-1356.1916433236383
210802_MIP-043_TRT63_TA171_G02_Amplitude,210802_MIP-043_TRT63_TA171,G02,2864.2485,10680.16,2470.384550226549,9355.437182352993,-393.86394977345117,-1324.722817647007
210802_MIP-043_TRT63_TA171_G03_Amplitude,210802_MIP-043_TRT63_TA171,G03,2860.527,11008.79,2691.1824223960716,11336.661310371966,-169.34457760392843,327.8713103719656
210802_MIP-043_TRT63_TA171_G04_Amplitude,210802_MIP-043_TRT63_TA171,G04,2925.6465,10815.89,2661.1276381046746,11038.949974438798,-264.51886189532524,223.05997443879824
210802_MIP-043_TRT63_TA171_G05_Amplitude,210802_MIP-043_TRT63_TA171,G05,2829.087,10667.31,2534.18284045327,9878.23108216312,-294.90415954673017,-789.0789178368796
210802_MIP-043_TRT63_TA171_G06_Amplitude,210802_MIP-043_TRT63_TA171,G06,2833.835,10274.670000000002,2391.2153537010126,8925.777377672266,-442.6196462989874,-1348.8926223277358
210802_MIP-043_TRT63_TA171_G07_Amplitude,210802_MIP-043_TRT63_TA171,G07,2875.8825,10806.785,2669.9744177023927,11085.009821237905,-205.9080822976075,278.2248212379054
210802_MIP-043_TRT63_TA171_G08_Amplitude,210802_MIP-043_TRT63_TA171,G08,2906.554,10650.48,2323.581533600123,8556.713731848773,-582.9724663998772,-2093.7662681512265
210802_MIP-043_TRT63_TA171_G09_Amplitude,210802_MIP-043_TRT63_TA171,G09,2777.1635,10692.63,2643.6368566320016,10929.404566685409,-133.52664336799853,236.7745666854098
210802_MIP-043_TRT63_TA171_G10_Amplitude,210802_MIP-043_TRT63_TA171,G10,2798.4865,10598.885,2438.9906091693133,9275.163497618558,-359.4958908306867,-1323.7215023814424
210802_MIP-043_TRT63_TA171_G11_Amplitude,210802_MIP-043_TRT63_TA171,G11,2876.114,10558.65,2565.3735536694758,10161.02206058246,-310.74044633052426,-397.6279394175399
210802_MIP-043_TRT63_TA171_G12_Amplitude,210802_MIP-043_TRT63_TA171,G12,2838.6285,10517.11,2565.879129806815,10456.049711049098,-272.74937019318486,-61.06028895090276
210802_MIP-043_TRT63_TA171_H01_Amplitude,210802_MIP-043_TRT63_TA171,H01,2853.9015,10693.830000000002,2584.9827616462376,10749.432728892067,-268.91873835376236,55.60272889206499
210802_MIP-043_TRT63_TA171_H02_Amplitude,210802_MIP-043_TRT63_TA171,H02,2816.478,10472.38,2329.5759436009826,8379.701237336278,-486.9020563990175,-2092.6787626637215
210802_MIP-043_TRT63_TA171_H03_Amplitude,210802_MIP-043_TRT63_TA171,H03,2831.705,10223.430000000002,2436.6867722519255,9141.762821880733,-395.0182277480744,-1081.667178119269
210802_MIP-043_TRT63_TA171_H04_Amplitude,210802_MIP-043_TRT63_TA171,H04,2843.547,10340.200000000004,2405.3585803835977,8967.111298578651,-438.18841961640237,-1373.088701421353
210802_MIP-043_TRT63_TA171_H05_Amplitude,210802_MIP-043_TRT63_TA171,H05,2853.6605,10671.83,2654.567224646342,10982.38675809951,-199.0932753536581,310.55675809951026
210802_MIP-043_TRT63_TA171_H06_Amplitude,210802_MIP-043_TRT63_TA171,H06,2895.0460000000003,10630.110000000002,2415.252221565234,9126.318117510202,-479.7937784347664,-1503.7918824898006
210802_MIP-043_TRT63_TA171_H07_Amplitude,210802_MIP-043_TRT63_TA171,H07,2937.4685,10731.425,2653.008226615091,10961.06332625477,-284.46027338490876,229.63832625477153
210802_MIP-043_TRT63_TA171_H08_Amplitude,210802_MIP-043_TRT63_TA171,H08,2896.648,10828.62,2572.951173928974,10498.794876159536,-323.69682607102595,-329.8251238404646
210802_MIP-043_TRT63_TA171_H09_Amplitude,210802_MIP-043_TRT63_TA171,H09,2832.053,10339.920000000002,2407.1411084155247,8967.705248847948,-424.91189158447514,-1372.2147511520543
210802_MIP-043_TRT63_TA171_H10_Amplitude,210802_MIP-043_TRT63_TA171,H10,2866.355,10259.290000000005,2424.1171663547398,9169.977378565705,-442.23783364526025,-1089.3126214342992
210802_MIP-043_TRT63_TA171_H11_Amplitude,210802_MIP-043_TRT63_TA171,H11,2767.6015,10450.030000000002,2405.0343775300225,9144.562113422406,-362.5671224699777,-1305.4678865775968
210802_MIP-043_TRT63_TA171_H12_Amplitude,210802_MIP-043_TRT63_TA171,H12,2816.8595,10619.32,2664.118485935078,11041.870388046025,-152.74101406492218,422.55038804602555
210308_Rescreen of candidates_TA178_TA180_TA175_A01_Amplitude,210308_Rescreen of candidates_TA178_TA180_TA175,A01,1342.448,1414.6275,1896.5230616260278,1497.150409718045,554.0750616260277,82.52290971804496
210308_Rescreen of candidates_TA178_TA180_TA175_A02_Amplitude,210308_Rescreen of candidates_TA178_TA180_TA175,A02,1381.229,1542.609,1626.5641022373466,1758.9152268787946,245.33510223734652,216.30622687879463
210308_Rescreen of candidates_TA178_TA180_TA175_A03_Amplitude,210308_Rescreen of candidates_TA178_TA180_TA175,A03,1461.4235,1703.3580000000002,1568.0045784394401,1726.6803330161667,106.58107843944003,23.322333016166567
210308_Rescreen of candidates_TA178_TA180_TA175_A04_Amplitude,210308_Rescreen of candidates_TA178_TA180_TA175,A04,1406.3004999999998,1714.699,1433.3164459942811,1793.0372432046208,27.01594599428131,78.33824320462077
210308_Rescreen of candidates_TA178_TA180_TA175_A05_Amplitude,210308_Rescreen of candidates_TA178_TA180_TA175,A05,1719.4175,2284.5960000000005,1811.9722660188795,2135.306927836335,92.55476601887949,-149.28907216366542
210308_Rescreen of candidates_TA178_TA180_TA175_A06_Amplitude,210308_Rescreen of candidates_TA178_TA180_TA175,A06,1400.5480000000002,1365.5050000000003,1507.7745670783313,1551.4116889638701,107.22656707833107,185.90668896386978
210308_Rescreen of candidates_TA178_TA180_TA175_A07_Amplitude,210308_Rescreen of candidates_TA178_TA180_TA175,A07,1572.1205,3018.953,1734.5900764475662,2841.0679883010243,162.46957644756617,-177.88501169897563
210308_Rescreen of candidates_TA178_TA180_TA175_A08_Amplitude,210308_Rescreen of candidates_TA178_TA180_TA175,A08,1768.572,2241.8150000000005,1930.2642988261446,2223.2980534134963,161.69229882614468,-18.51694658650422
210308_Rescreen of candidates_TA178_TA180_TA175_A09_Amplitude,210308_Rescreen of candidates_TA178_TA180_TA175,A09,2662.011,5232.9825,2872.763529668392,5015.147811834614,210.75252966839207,-217.83468816538607
210308_Rescreen of candidates_TA178_TA180_TA175_A10_Amplitude,210308_Rescreen of candidates_TA178_TA180_TA175,A10,2618.019,5363.353,2762.6040570125765,5317.579610994002,144.58505701257673,-45.77338900599807
210308_Rescreen of candidates_TA178_TA180_TA175_A11_Amplitude,210308_Rescreen of candidates_TA178_TA180_TA175,A11,2735.3365000000003,4872.537,2919.9130188229988,4981.193739090096,184.57651882299842,108.65673909009547
210308_Rescreen of candidates_TA178_TA180_TA175_A12_Amplitude,210308_Rescreen of candidates_TA178_TA180_TA175,A12,2856.1195,5132.9935000000005,2933.401472987364,4951.838703650817,77.28197298736404,-181.15479634918393
210308_Rescreen of candidates_TA178_TA180_TA175_B01_Amplitude,210308_Rescreen of candidates_TA178_TA180_TA175,B01,1325.9745,1278.9235,1893.5868449749446,1684.2461357417728,567.6123449749446,405.32263574177273
210308_Rescreen of candidates_TA178_TA180_TA175_B02_Amplitude,210308_Rescreen of candidates_TA178_TA180_TA175,B02,1397.245,1331.9050000000002,1621.9445245495092,1319.3589725478569,224.6995245495093,-12.546027452143335
210308_Rescreen of candidates_TA178_TA180_TA175_B03_Amplitude,210308_Rescreen of candidates_TA178_TA180_TA175,B03,1384.862,1436.5500000000002,1461.782169726625,1537.931868502011,76.92016972662486,101.38186850201078
210308_Rescreen of candidates_TA178_TA180_TA175_B04_Amplitude,210308_Rescreen of candidates_TA178_TA180_TA175,B04,1376.2064999999998,1691.2455,1500.119759295079,1793.2885868493538,123.91325929507911,102.04308684935381
210308_Rescreen of candidates_TA178_TA180_TA175_B05_Amplitude,210308_Rescreen of candidates_TA178_TA180_TA175,B05,1690.7379999999998,2566.829,1668.0293518032904,2997.7582076023355,-22.70864819670942,430.9292076023353
210308_Rescreen of candidates_TA178_TA180_TA175_B06_Amplitude,210308_Rescreen of candidates_TA178_TA180_TA175,B06,1812.57,2089.8410000000003,1768.1485557334354,2015.4257435392713,-44.42144426656455,-74.4152564607291
210308_Rescreen of candidates_TA178_TA180_TA175_B07_Amplitude,210308_Rescreen of candidates_TA178_TA180_TA175,B07,1581.2775,2692.734,1669.1660128434808,2698.8837912126332,87.88851284348084,6.149791212633318
210308_Rescreen of candidates_TA178_TA180_TA175_B08_Amplitude,210308_Rescreen of candidates_TA178_TA180_TA175,B08,1814.061,3239.213,1712.9886456709946,2665.808054153748,-101.0723543290053,-573.4049458462523
210308_Rescreen of candidates_TA178_TA180_TA175_B09_Amplitude,210308_Rescreen of candidates_TA178_TA180_TA175,B09,2669.6395,5176.831000000001,2363.7567458426383,4760.115244861689,-305.8827541573619,-416.7157551383125
210308_Rescreen of candidates_TA178_TA180_TA175_B10_Amplitude,210308_Rescreen of candidates_TA178_TA180_TA175,B10,2619.4480000000003,5296.679,2833.711677860569,5178.491490696114,214.2636778605688,-118.18750930388615
210308_Rescreen of candidates_TA178_TA180_TA175_B11_Amplitude,210308_Rescreen of candidates_TA178_TA180_TA175,B11,2655.8065,4885.3195,2901.258155243185,5043.819284963155,245.45165524318463,158.49978496315543
210308_Rescreen of candidates_TA178_TA180_TA175_B12_Amplitude,210308_Rescreen of candidates_TA178_TA180_TA175,B12,2861.291,5164.9310000000005,2863.1349534663664,5152.983804144407,1.8439534663662016,-11.947195855593236
210308_Rescreen of candidates_TA178_TA180_TA175_C01_Amplitude,210308_Rescreen of candidates_TA178_TA180_TA175,C01,1275.2115,1405.3384999999998,1815.9760739103592,1550.3837612837938,540.7645739103593,145.04526128379393
210308_Rescreen of candidates_TA178_TA180_TA175_C02_Amplitude,210308_Rescreen of candidates_TA178_TA180_TA175,C02,1392.1885,1388.148,1631.4410735803071,1384.1744756614544,239.25257358030717,-3.9735243385455306
210308_Rescreen of candidates_TA178_TA180_TA175_C03_Amplitude,210308_Rescreen of candidates_TA178_TA180_TA175,C03,1464.6084999999998,1550.6645,1481.9773254610793,1600.681301801618,17.368825461079496,50.01680180161793
210308_Rescreen of candidates_TA178_TA180_TA175_C04_Amplitude,210308_Rescreen of candidates_TA178_TA180_TA175,C04,1451.9795,1508.6820000000002,1469.4902924981525,1536.1085352064754,17.51079249815257,27.426535206475137
210308_Rescreen of candidates_TA178_TA180_TA175_C05_Amplitude,210308_Rescreen of candidates_TA178_TA180_TA175,C05,1713.322,2472.702,2015.0508978901523,3783.042963135335,301.72889789015244,1310.3409631353347
210308_Rescreen of candidates_TA178_TA180_TA175_C06_Amplitude,210308_Rescreen of candidates_TA178_TA180_TA175,C06,1707.741,2056.6650000000004,1692.7396659617452,1945.019535206465,-15.001334038254754,-111.64546479353544
210308_Rescreen of candidates_TA178_TA180_TA175_C07_Amplitude,210308_Rescreen of candidates_TA178_TA180_TA175,C07,1567.3085,3177.446,1952.241699292471,3554.5407950966433,384.9331992924708,377.09479509664334
210308_Rescreen of candidates_TA178_TA180_TA175_C08_Amplitude,210308_Rescreen of candidates_TA178_TA180_TA175,C08,1757.1675,3762.5675,1715.8200529818182,3110.712474288932,-41.34744701818181,-651.8550257110683
210308_Rescreen of candidates_TA178_TA180_TA175_C09_Amplitude,210308_Rescreen of candidates_TA178_TA180_TA175,C09,2667.584,5485.202499999999,2641.949881948133,5369.862571210992,-25.634118051866608,-115.33992878900699
210308_Rescreen of candidates_TA178_TA180_TA175_C10_Amplitude,210308_Rescreen of candidates_TA178_TA180_TA175,C10,2618.2305,5516.753,2595.064903340519,5302.968101767265,-23.165596659481253,-213.78489823273503
210308_Rescreen of candidates_TA178_TA180_TA175_C11_Amplitude,210308_Rescreen of candidates_TA178_TA180_TA175,C11,2677.8320000000003,4895.6345,2821.820957306629,5036.275732020432,143.9889573066289,140.64123202043174
210308_Rescreen of candidates_TA178_TA180_TA175_C12_Amplitude,210308_Rescreen of candidates_TA178_TA180_TA175,C12,2850.3445,5142.757,2921.438847631035,4932.82467039454,71.0943476310349,-209.93232960545993
210308_Rescreen of candidates_TA178_TA180_TA175_D01_Amplitude,210308_Rescreen of candidates_TA178_TA180_TA175,D01,1303.9705,1418.3694999999998,1630.3688246384243,1682.7354145328918,326.39832463842436,264.365914532892
210308_Rescreen of candidates_TA178_TA180_TA175_D02_Amplitude,210308_Rescreen of candidates_TA178_TA180_TA175,D02,1379.42,1471.727,1590.8200854935503,1627.2627081090798,211.40008549355025,155.53570810907968
210308_Rescreen of candidates_TA178_TA180_TA175_D03_Amplitude,210308_Rescreen of candidates_TA178_TA180_TA175,D03,1393.941,1890.2125,1498.7174888624907,1796.0553104860987,104.77648886249062,-94.15718951390136
210308_Rescreen of candidates_TA178_TA180_TA175_D04_Amplitude,210308_Rescreen of candidates_TA178_TA180_TA175,D04,1455.6219999999998,1593.3075,1518.2445871189186,1611.2644605518656,62.62258711891877,17.956960551865677
210308_Rescreen of candidates_TA178_TA180_TA175_D05_Amplitude,210308_Rescreen of candidates_TA178_TA180_TA175,D05,1702.4070000000002,2669.1625,1658.4832237491055,2519.377374645849,-43.92377625089466,-149.78512535415075
210308_Rescreen of candidates_TA178_TA180_TA175_D06_Amplitude,210308_Rescreen of candidates_TA178_TA180_TA175,D06,1663.8995,2546.9405,1719.9055696607131,2995.6967963322404,56.00606966071314,448.75629633224025
210308_Rescreen of candidates_TA178_TA180_TA175_D07_Amplitude,210308_Rescreen of candidates_TA178_TA180_TA175,D07,1586.2025,2133.5000000000005,1714.3068274297714,2007.5100046161574,128.10432742977127,-125.98999538384305
210308_Rescreen of candidates_TA178_TA180_TA175_D08_Amplitude,210308_Rescreen of candidates_TA178_TA180_TA175,D08,1776.381,2411.5410000000006,1818.4908172047712,2187.5061477185113,42.10981720477116,-224.0348522814893
210308_Rescreen of candidates_TA178_TA180_TA175_D09_Amplitude,210308_Rescreen of candidates_TA178_TA180_TA175,D09,2782.315,5078.526000000001,2937.4486789253406,5030.103247060176,155.13367892534052,-48.42275293982493
210308_Rescreen of candidates_TA178_TA180_TA175_D10_Amplitude,210308_Rescreen of candidates_TA178_TA180_TA175,D10,2619.4425,5234.436,2529.0621933311936,5293.772476785662,-90.3803066688065,59.336476785661944
210308_Rescreen of candidates_TA178_TA180_TA175_D11_Amplitude,210308_Rescreen of candidates_TA178_TA180_TA175,D11,2685.74,4922.470499999999,2801.1095469115266,5129.634760057766,115.36954691152687,207.1642600577661
210308_Rescreen of candidates_TA178_TA180_TA175_D12_Amplitude,210308_Rescreen of candidates_TA178_TA180_TA175,D12,3346.077,5125.023999999999,3261.232114659641,5008.014920504249,-84.84488534035927,-117.00907949575048
210308_Rescreen of candidates_TA178_TA180_TA175_E01_Amplitude,210308_Rescreen of candidates_TA178_TA180_TA175,E01,1318.17,1389.1875,1575.6717560557547,1997.1586533481982,257.50175605575464,607.9711533481982
210308_Rescreen of candidates_TA178_TA180_TA175_E02_Amplitude,210308_Rescreen of candidates_TA178_TA180_TA175,E02,1404.707,1441.198,1484.152874631941,1875.2852642214975,79.4458746319408,434.08726422149743
210308_Rescreen of candidates_TA178_TA180_TA175_E03_Amplitude,210308_Rescreen of candidates_TA178_TA180_TA175,E03,1538.47,2045.591,1804.424476447533,2155.554086746531,265.9544764475329,109.96308674653119
210308_Rescreen of candidates_TA178_TA180_TA175_E04_Amplitude,210308_Rescreen of candidates_TA178_TA180_TA175,E04,1447.8615,1674.7800000000002,1490.2203970376245,1808.5842404593795,42.3588970376245,133.80424045937934
210308_Rescreen of candidates_TA178_TA180_TA175_E05_Amplitude,210308_Rescreen of candidates_TA178_TA180_TA175,E05,1669.698,2100.4190000000003,1482.9131135983334,1792.2833515440973,-186.78488640166665,-308.13564845590304
210308_Rescreen of candidates_TA178_TA180_TA175_E06_Amplitude,210308_Rescreen of candidates_TA178_TA180_TA175,E06,1388.8580000000002,1419.6320000000003,1454.818211263006,1372.5515473413598,65.96021126300593,-47.080452658640525
210308_Rescreen of candidates_TA178_TA180_TA175_E07_Amplitude,210308_Rescreen of candidates_TA178_TA180_TA175,E07,1608.316,2164.4990000000003,1769.536392441632,2136.494243086895,161.22039244163193,-28.00475691310521
210308_Rescreen of candidates_TA178_TA180_TA175_E08_Amplitude,210308_Rescreen of candidates_TA178_TA180_TA175,E08,1758.5245,2329.2835,1620.1626542601173,2590.9538399519447,-138.3618457398827,261.6703399519447
210308_Rescreen of candidates_TA178_TA180_TA175_E09_Amplitude,210308_Rescreen of candidates_TA178_TA180_TA175,E09,2696.683,5130.5160000000005,2957.138065953464,4706.885585161883,260.4550659534639,-423.63041483811776
210308_Rescreen of candidates_TA178_TA180_TA175_E10_Amplitude,210308_Rescreen of candidates_TA178_TA180_TA175,E10,3115.652,4725.235000000001,2957.62510554416,4771.072757969809,-158.0268944558402,45.83775796980808
210308_Rescreen of candidates_TA178_TA180_TA175_E11_Amplitude,210308_Rescreen of candidates_TA178_TA180_TA175,E11,2843.391,4889.1355,2914.1923587094307,5010.397295987798,70.80135870943059,121.261795987798
210308_Rescreen of candidates_TA178_TA180_TA175_E12_Amplitude,210308_Rescreen of candidates_TA178_TA180_TA175,E12,2842.3375,5145.9195,2887.216435758521,5449.884309127976,44.87893575852104,303.96480912797597
210308_Rescreen of candidates_TA178_TA180_TA175_F01_Amplitude,210308_Rescreen of candidates_TA178_TA180_TA175,F01,1315.0245,1409.069,1934.7213132698976,1817.1146865129733,619.6968132698976,408.04568651297336
210308_Rescreen of candidates_TA178_TA180_TA175_F02_Amplitude,210308_Rescreen of candidates_TA178_TA180_TA175,F02,1382.124,1428.8495,1609.0022118896713,1546.0398111111103,226.87821188967132,117.1903111111103
210308_Rescreen of candidates_TA178_TA180_TA175_F03_Amplitude,210308_Rescreen of candidates_TA178_TA180_TA175,F03,1417.763,1893.2505,1513.2825405498463,1938.9844015035158,95.5195405498464,45.73390150351565
210308_Rescreen of candidates_TA178_TA180_TA175_F04_Amplitude,210308_Rescreen of candidates_TA178_TA180_TA175,F04,1463.818,1537.4735,1388.5254583078138,1490.0183538309993,-75.2925416921862,-47.45514616900073
210308_Rescreen of candidates_TA178_TA180_TA175_F05_Amplitude,210308_Rescreen of candidates_TA178_TA180_TA175,F05,1709.893,2961.7665,1741.2803242936116,2777.245214051311,31.387324293611528,-184.52128594868918
210308_Rescreen of candidates_TA178_TA180_TA175_F06_Amplitude,210308_Rescreen of candidates_TA178_TA180_TA175,F06,1671.9625,2153.9840000000004,1622.5453140421496,1906.2273937573382,-49.417185957850506,-247.7566062426622
210308_Rescreen of candidates_TA178_TA180_TA175_F07_Amplitude,210308_Rescreen of candidates_TA178_TA180_TA175,F07,1609.8955,2056.7930000000006,1678.4632124337152,1932.881003112561,68.56771243371509,-123.9119968874395
210308_Rescreen of candidates_TA178_TA180_TA175_F08_Amplitude,210308_Rescreen of candidates_TA178_TA180_TA175,F08,1695.167,2079.3580000000006,1503.8693681407642,1787.4580173055124,-191.2976318592357,-291.89998269448824
210308_Rescreen of candidates_TA178_TA180_TA175_F09_Amplitude,210308_Rescreen of candidates_TA178_TA180_TA175,F09,2632.198,5082.876000000001,2822.5189758933107,5098.724939075215,190.3209758933108,15.84893907521382
210308_Rescreen of candidates_TA178_TA180_TA175_F10_Amplitude,210308_Rescreen of candidates_TA178_TA180_TA175,F10,2663.8265,5247.222,2882.8710526420577,4859.426672450187,219.04455264205762,-387.795327549813
210308_Rescreen of candidates_TA178_TA180_TA175_F11_Amplitude,210308_Rescreen of candidates_TA178_TA180_TA175,F11,2728.1285,4895.684499999999,2856.805221546711,4965.280023153313,128.67672154671118,69.59552315331348
210308_Rescreen of candidates_TA178_TA180_TA175_F12_Amplitude,210308_Rescreen of candidates_TA178_TA180_TA175,F12,2730.4585,5140.8575,2852.944917657873,5480.7714495718365,122.48641765787261,339.9139495718364
210308_Rescreen of candidates_TA178_TA180_TA175_G01_Amplitude,210308_Rescreen of candidates_TA178_TA180_TA175,G01,1316.143,1423.343,1692.4478496318138,2102.1995938776763,376.3048496318138,678.8565938776762
210308_Rescreen of candidates_TA178_TA180_TA175_G02_Amplitude,210308_Rescreen of candidates_TA178_TA180_TA175,G02,1374.341,1623.0455000000002,1631.2319526505173,1631.4507423413268,256.8909526505174,8.405242341326584
210308_Rescreen of candidates_TA178_TA180_TA175_G03_Amplitude,210308_Rescreen of candidates_TA178_TA180_TA175,G03,1459.9675,1798.6415000000002,1437.4890902414681,1855.3234710123695,-22.478409758531825,56.68197101236933
210308_Rescreen of candidates_TA178_TA180_TA175_G04_Amplitude,210308_Rescreen of candidates_TA178_TA180_TA175,G04,1446.4555,1525.2220000000002,1407.6118432127582,1530.9621303863862,-38.8436567872418,5.740130386385999
210308_Rescreen of candidates_TA178_TA180_TA175_G05_Amplitude,210308_Rescreen of candidates_TA178_TA180_TA175,G05,1721.8,2464.6515,1954.1026433307652,3952.7167791477427,232.30264333076525,1488.0652791477428
210308_Rescreen of candidates_TA178_TA180_TA175_G06_Amplitude,210308_Rescreen of candidates_TA178_TA180_TA175,G06,1703.3695,2783.818,1710.6323258559576,3047.663160836519,7.262825855957544,263.84516083651897
210308_Rescreen of candidates_TA178_TA180_TA175_G07_Amplitude,210308_Rescreen of candidates_TA178_TA180_TA175,G07,1574.085,3119.4505,2369.6027920892816,6275.386026336729,795.5177920892816,3155.935526336729
210308_Rescreen of candidates_TA178_TA180_TA175_G08_Amplitude,210308_Rescreen of candidates_TA178_TA180_TA175,G08,1849.565,2331.4240000000004,1803.1938562676341,2128.7985462057973,-46.37114373236591,-202.62545379420317
210308_Rescreen of candidates_TA178_TA180_TA175_G09_Amplitude,210308_Rescreen of candidates_TA178_TA180_TA175,G09,2680.551,5054.724000000001,2574.0980133984035,4881.588555400253,-106.45298660159642,-173.13544459974764
210308_Rescreen of candidates_TA178_TA180_TA175_G10_Amplitude,210308_Rescreen of candidates_TA178_TA180_TA175,G10,2618.9705,5329.656999999999,2869.282203536561,5151.087600784026,250.31170353656125,-178.56939921597314
210308_Rescreen of candidates_TA178_TA180_TA175_G11_Amplitude,210308_Rescreen of candidates_TA178_TA180_TA175,G11,2604.1695,4900.469999999999,2875.6099661437634,4892.822851444731,271.4404661437634,-7.647148555268359
210308_Rescreen of candidates_TA178_TA180_TA175_G12_Amplitude,210308_Rescreen of candidates_TA178_TA180_TA175,G12,2932.639,5130.9995,2909.8027832478283,4939.594895977948,-22.836216752171822,-191.4046040220519
210308_Rescreen of candidates_TA178_TA180_TA175_H01_Amplitude,210308_Rescreen of candidates_TA178_TA180_TA175,H01,1287.4635,1438.7040000000002,1506.102722652232,2333.6285507781154,218.63922265223187,894.9245507781152
210308_Rescreen of candidates_TA178_TA180_TA175_H02_Amplitude,210308_Rescreen of candidates_TA178_TA180_TA175,H02,1367.6205,1498.973,1617.7382410609032,1682.470225863556,250.1177410609032,183.49722586355597
210308_Rescreen of candidates_TA178_TA180_TA175_H03_Amplitude,210308_Rescreen of candidates_TA178_TA180_TA175,H03,1456.5525,1547.149,1475.3741440479973,1943.5670467627563,18.821644047997324,396.4180467627564
210308_Rescreen of candidates_TA178_TA180_TA175_H04_Amplitude,210308_Rescreen of candidates_TA178_TA180_TA175,H04,1462.547,1851.1175,1673.8450578233367,2084.0013159786904,211.29805782333665,232.88381597869034
210308_Rescreen of candidates_TA178_TA180_TA175_H06_Amplitude,210308_Rescreen of candidates_TA178_TA180_TA175,H06,1705.108,2912.728,1783.6052746584592,3348.4841579418735,78.49727465845922,435.7561579418734
210308_Rescreen of candidates_TA178_TA180_TA175_H08_Amplitude,210308_Rescreen of candidates_TA178_TA180_TA175,H08,1786.3200000000002,2567.0095,1772.3521718030554,2499.459165200387,-13.967828196944765,-67.55033479961321
210308_Rescreen of candidates_TA178_TA180_TA175_H09_Amplitude,210308_Rescreen of candidates_TA178_TA180_TA175,H09,2655.7845,4886.929000000001,2846.27788168944,4630.683933811193,190.49338168943996,-256.24506618880787
210308_Rescreen of candidates_TA178_TA180_TA175_H10_Amplitude,210308_Rescreen of candidates_TA178_TA180_TA175,H10,2615.8195,5297.751,2839.096142571791,5005.323449669783,223.27664257179094,-292.42755033021695
210308_Rescreen of candidates_TA178_TA180_TA175_H11_Amplitude,210308_Rescreen of candidates_TA178_TA180_TA175,H11,2676.0075,4889.9815,2882.982354461067,4994.931743002209,206.97485446106703,104.95024300220939
210308_Rescreen of candidates_TA178_TA180_TA175_H12_Amplitude,210308_Rescreen of candidates_TA178_TA180_TA175,H12,2856.551,5160.5545,2923.6835493831436,4964.611368498779,67.13254938314367,-195.94313150122161
210317_RF15_TA189_A01_Amplitude,210317_RF15_TA189,A01,1844.9795,3263.3475,1863.5665032789911,3333.620326056105,18.587003278991233,70.27282605610526
210317_RF15_TA189_A02_Amplitude,210317_RF15_TA189,A02,1835.5075,2123.711,2075.5813745118135,2168.0142265146555,240.07387451181353,44.30322651465576
210317_RF15_TA189_A03_Amplitude,210317_RF15_TA189,A03,1831.41,4705.594,1902.2743989427263,3281.8354156405244,70.86439894272621,-1423.7585843594757
210317_RF15_TA189_A04_Amplitude,210317_RF15_TA189,A04,1828.561,2517.4665,1847.1912552857539,3467.8876069672233,18.630255285753947,950.4211069672233
210317_RF15_TA189_A05_Amplitude,210317_RF15_TA189,A05,1844.4095,2237.8010000000004,2043.476148595135,2237.9632019270343,199.06664859513512,0.16220192703394787
210317_RF15_TA189_A06_Amplitude,210317_RF15_TA189,A06,1839.8835,3393.0215000000003,1850.5320365631417,2961.949634562733,10.64853656314176,-431.0718654372672
210317_RF15_TA189_A07_Amplitude,210317_RF15_TA189,A07,1824.0785,2739.808,1820.7120742078796,3015.0668891682003,-3.3664257921204808,275.2588891682003
210317_RF15_TA189_A08_Amplitude,210317_RF15_TA189,A08,1830.507,3569.1475,1870.6260063291827,3144.789304161785,40.11900632918264,-424.3581958382151
210317_RF15_TA189_A09_Amplitude,210317_RF15_TA189,A09,1824.512,2348.8600000000006,2009.3125741924046,2321.979334359933,184.8005741924046,-26.88066564006749
210317_RF15_TA189_A10_Amplitude,210317_RF15_TA189,A10,1844.2515,3474.086,1857.107272959817,3297.1541712277667,12.855772959816932,-176.93182877223308
210317_RF15_TA189_A11_Amplitude,210317_RF15_TA189,A11,1830.7365,2561.15,1897.7563133474482,3214.0931904651916,67.01981334744823,652.9431904651915
210317_RF15_TA189_A12_Amplitude,210317_RF15_TA189,A12,1826.7205,3040.654,1820.38178114146,2845.9097192524428,-6.338718858540005,-194.74428074755724
210317_RF15_TA189_B01_Amplitude,210317_RF15_TA189,B01,1823.5525,3268.079,1880.7162551639597,3101.073995793135,57.16375516395965,-167.00500420686512
210317_RF15_TA189_B02_Amplitude,210317_RF15_TA189,B02,1830.6335,3490.0145,1941.9214536884433,3079.89777537772,111.2879536884434,-410.11672462228034
210317_RF15_TA189_B03_Amplitude,210317_RF15_TA189,B03,1835.9405,3228.437,1941.4066825961752,3533.8735236835664,105.46618259617526,305.4365236835665
210317_RF15_TA189_B04_Amplitude,210317_RF15_TA189,B04,1829.3225,3452.6145,1912.2744990541476,3045.06426218324,82.95199905414756,-407.5502378167603
210317_RF15_TA189_B05_Amplitude,210317_RF15_TA189,B05,1828.272,3304.2635,1839.9508174386256,3061.9846113217445,11.678817438625629,-242.2788886782555
210317_RF15_TA189_B06_Amplitude,210317_RF15_TA189,B06,1830.165,2775.73,1777.5312527539136,3004.3435522827353,-52.633747246086386,228.61355228273533
210317_RF15_TA189_B07_Amplitude,210317_RF15_TA189,B07,1828.4645,3270.427,1803.5416979362278,2997.32935128962,-24.922802063772224,-273.0976487103803
210317_RF15_TA189_B08_Amplitude,210317_RF15_TA189,B08,1830.215,4437.5465,1942.8105771611988,3378.3305055039127,112.59557716119889,-1059.2159944960877
210317_RF15_TA189_B09_Amplitude,210317_RF15_TA189,B09,1804.214,4481.9115,1870.2307339084487,3115.7089614235992,66.01673390844871,-1366.202538576401
210317_RF15_TA189_B10_Amplitude,210317_RF15_TA189,B10,1829.129,3600.3705,1939.4437133089273,3085.7133695423686,110.31471330892737,-514.6571304576314
210317_RF15_TA189_B11_Amplitude,210317_RF15_TA189,B11,1846.0465,3161.933,1906.6543991385865,3116.512831810594,60.60789913858662,-45.42016818940601
210317_RF15_TA189_B12_Amplitude,210317_RF15_TA189,B12,1839.15,2704.6535,1930.6522462962998,3102.73039008432,91.50224629629975,398.07689008432
210317_RF15_TA189_C01_Amplitude,210317_RF15_TA189,C01,1833.5445,4547.963,1949.6241710991496,3518.144557018117,116.07967109914966,-1029.8184429818825
210317_RF15_TA189_C02_Amplitude,210317_RF15_TA189,C02,1827.315,2812.207,1907.2581341768912,3398.5742890100014,79.94313417689114,586.3672890100015
210317_RF15_TA189_C03_Amplitude,210317_RF15_TA189,C03,1825.2035,2149.130000000001,1982.6378129387606,2178.029935524982,157.4343129387605,28.899935524981174
210317_RF15_TA189_C04_Amplitude,210317_RF15_TA189,C04,1817.484,2630.745,1835.4347370424323,3008.3036183844683,17.950737042432365,377.55861838446845
210317_RF15_TA189_C05_Amplitude,210317_RF15_TA189,C05,1838.262,2558.707,1899.4010925583405,3256.4014342320456,61.13909255834051,697.6944342320458
210317_RF15_TA189_C06_Amplitude,210317_RF15_TA189,C06,1848.5855,3324.5635,1778.8246969454754,2936.8807133485384,-69.76080305452456,-387.6827866514618
210317_RF15_TA189_C07_Amplitude,210317_RF15_TA189,C07,1829.4415,2920.308,1810.022534431456,3059.2300731102628,-19.418965568543854,138.92207311026277
210317_RF15_TA189_C08_Amplitude,210317_RF15_TA189,C08,1815.466,2321.4990000000003,1942.8624061103783,2323.6708513051826,127.3964061103784,2.171851305182372
210317_RF15_TA189_C09_Amplitude,210317_RF15_TA189,C09,1834.501,3077.8725,1833.6999168401317,2987.05396985862,-0.8010831598683126,-90.81853014138005
210317_RF15_TA189_C10_Amplitude,210317_RF15_TA189,C10,1838.807,3352.2615,1919.802531378687,3011.525106812939,80.99553137868702,-340.7363931870609
210317_RF15_TA189_C11_Amplitude,210317_RF15_TA189,C11,1837.683,2626.656,1890.1636382710476,2993.857613860224,52.48063827104761,367.2016138602239
210317_RF15_TA189_C12_Amplitude,210317_RF15_TA189,C12,1824.057,4476.1605,1867.9481722215353,3518.276429169105,43.89117222153527,-957.8840708308949
210317_RF15_TA189_D01_Amplitude,210317_RF15_TA189,D01,1830.575,2546.576,1955.1854522233846,3311.0996571287774,124.61045222338453,764.5236571287774
210317_RF15_TA189_D02_Amplitude,210317_RF15_TA189,D02,1846.878,3123.928,1907.0236694940083,3288.4135809288987,60.145669494008416,164.4855809288988
210317_RF15_TA189_D03_Amplitude,210317_RF15_TA189,D03,1823.524,2475.4365,1893.3065620326822,3240.3226277861463,69.78256203268234,764.8861277861465
210317_RF15_TA189_D04_Amplitude,210317_RF15_TA189,D04,1830.281,2413.4000000000005,2006.2265654652333,2423.900952431099,175.94556546523336,10.50095243109854
210317_RF15_TA189_D05_Amplitude,210317_RF15_TA189,D05,1816.2495,3161.697,1890.238596499314,3009.311103621233,73.9890964993142,-152.38589637876703
210317_RF15_TA189_D06_Amplitude,210317_RF15_TA189,D06,1822.1,3193.6305,1872.7900312438112,3096.1421543613246,50.69003124381129,-97.48834563867558
210317_RF15_TA189_D07_Amplitude,210317_RF15_TA189,D07,1832.1175,2660.414,1802.7644929883543,3033.062752656464,-29.353007011645786,372.6487526564638
210317_RF15_TA189_D08_Amplitude,210317_RF15_TA189,D08,1834.444,3422.4905,1924.9679762756468,3544.192006691796,90.52397627564687,121.70150669179611
210317_RF15_TA189_D09_Amplitude,210317_RF15_TA189,D09,1827.8875,4382.17,1890.2415822336823,3101.334097707312,62.35408223368222,-1280.835902292688
210317_RF15_TA189_D10_Amplitude,210317_RF15_TA189,D10,1839.9845,3370.9300000000003,1946.418393188949,3344.2582977836587,106.43389318894901,-26.6717022163416
210317_RF15_TA189_D11_Amplitude,210317_RF15_TA189,D11,1833.089,2545.7350000000006,1815.9770316996742,2557.398220431549,-17.11196830032577,11.663220431548325
210317_RF15_TA189_D12_Amplitude,210317_RF15_TA189,D12,1825.991,2967.755,1923.1139696405467,3368.4203081822143,97.12296964054667,400.6653081822142
210317_RF15_TA189_E01_Amplitude,210317_RF15_TA189,E01,1835.3605,3282.394,1943.4230022593235,3686.0711103859467,108.06250225932354,403.6771103859469
210317_RF15_TA189_E02_Amplitude,210317_RF15_TA189,E02,1833.0285,2952.1495,1871.7553127664657,3095.7033740539478,38.726812766465855,143.55387405394777
210317_RF15_TA189_E03_Amplitude,210317_RF15_TA189,E03,1826.6235,2907.917,1929.060195207843,3419.6377391712863,102.43669520784306,511.72073917128637
210317_RF15_TA189_E04_Amplitude,210317_RF15_TA189,E04,1840.107,2468.25,1936.144330659325,3174.3670128912745,96.03733065932511,706.1170128912745
210317_RF15_TA189_E05_Amplitude,210317_RF15_TA189,E05,1837.34,2232.2560000000003,1947.2388988686844,2258.51841382242,109.89889886868446,26.262413822419603
210317_RF15_TA189_E06_Amplitude,210317_RF15_TA189,E06,1825.442,2562.2055,1823.2831029706756,2795.283035066754,-2.1588970293244074,233.07753506675408
210317_RF15_TA189_E07_Amplitude,210317_RF15_TA189,E07,1831.6535,4136.3705,1847.4657494516484,3039.9880746600365,15.81224945164854,-1096.3824253399634
210317_RF15_TA189_E08_Amplitude,210317_RF15_TA189,E08,1846.367,2824.993,1832.5454413138075,2893.284637855698,-13.821558686192475,68.2916378556979
210317_RF15_TA189_E09_Amplitude,210317_RF15_TA189,E09,1828.201,4535.2445,1923.8379672168621,3438.208611836599,95.6369672168621,-1097.0358881634006
210317_RF15_TA189_E10_Amplitude,210317_RF15_TA189,E10,1828.8585,2739.3545000000004,1903.6704940123627,3385.2870253630244,74.81199401236267,645.9325253630241
210317_RF15_TA189_E11_Amplitude,210317_RF15_TA189,E11,1829.987,3086.8085,1829.5017866689348,3013.195272802058,-0.4852133310653244,-73.61322719794225
210317_RF15_TA189_E12_Amplitude,210317_RF15_TA189,E12,1836.382,3574.048,1896.1870535156547,3101.74480273822,59.80505351565466,-472.3031972617796
210317_RF15_TA189_F01_Amplitude,210317_RF15_TA189,F01,1825.2795,2660.1665000000003,1969.0928663672332,3383.9688155875074,143.81336636723313,723.8023155875071
210317_RF15_TA189_F02_Amplitude,210317_RF15_TA189,F02,1832.1065,3001.5095,1882.6749894588359,3091.7165652022295,50.56848945883576,90.20706520222939
210317_RF15_TA189_F03_Amplitude,210317_RF15_TA189,F03,1828.4735,2905.644,1873.3203888741962,2985.900668248938,44.84688887419611,80.25666824893824
210317_RF15_TA189_F04_Amplitude,210317_RF15_TA189,F04,1842.3995,2548.391,1926.965530517277,3457.1322879004056,84.56603051727711,908.7412879004055
210317_RF15_TA189_F05_Amplitude,210317_RF15_TA189,F05,1828.1175,3146.1395,1925.4962282683139,3302.430132314176,97.37872826831381,156.29063231417558
210317_RF15_TA189_F06_Amplitude,210317_RF15_TA189,F06,1850.268,2717.3595,1878.0379221746991,3326.1082733750627,27.769922174699104,608.7487733750627
210317_RF15_TA189_F07_Amplitude,210317_RF15_TA189,F07,1828.85,2503.6160000000004,1776.938598338208,2500.8963556758467,-51.91140166179184,-2.7196443241537054
210317_RF15_TA189_F08_Amplitude,210317_RF15_TA189,F08,1835.4815,3383.9205,1938.998742783313,3445.093296555276,103.5172427833129,61.17279655527591
210317_RF15_TA189_F09_Amplitude,210317_RF15_TA189,F09,1830.9555,3817.8105,1965.3647960530807,3514.809942213916,134.40929605308065,-303.00055778608385
210317_RF15_TA189_F10_Amplitude,210317_RF15_TA189,F10,1822.4725,4569.407999999999,2007.1628888756375,3588.2344576000028,184.69038887563738,-981.1735423999967
210317_RF15_TA189_F11_Amplitude,210317_RF15_TA189,F11,1828.6315,3775.2175,1931.4272013868197,3489.1121876172188,102.7957013868197,-286.10531238278145
210317_RF15_TA189_F12_Amplitude,210317_RF15_TA189,F12,1834.0665,2774.1775,1964.819295850552,3516.708867612885,130.75279585055205,742.5313676128853
210317_RF15_TA189_G01_Amplitude,210317_RF15_TA189,G01,1833.1425,2628.608,2065.880550800137,3497.997324161627,232.738050800137,869.389324161627
210317_RF15_TA189_G02_Amplitude,210317_RF15_TA189,G02,1832.3535,2887.3485,1889.9936963099785,2985.1799079973525,57.64019630997859,97.83140799735247
210317_RF15_TA189_G03_Amplitude,210317_RF15_TA189,G03,1823.814,2394.2915000000003,1940.476851246534,3439.31580929827,116.66285124653382,1045.0243092982696
210317_RF15_TA189_G04_Amplitude,210317_RF15_TA189,G04,1826.675,2850.461,1935.5709172493755,3567.658953122402,108.89591724937554,717.1979531224024
210317_RF15_TA189_G05_Amplitude,210317_RF15_TA189,G05,1831.0225,2392.6075,1975.396246448593,3530.318119869589,144.373746448593,1137.7106198695888
210317_RF15_TA189_G06_Amplitude,210317_RF15_TA189,G06,1805.7105,2301.0600000000004,1947.7205297623666,2304.0792530829563,142.01002976236668,3.0192530829558564
210317_RF15_TA189_G07_Amplitude,210317_RF15_TA189,G07,1828.4665,3246.8935,1866.5560264770531,3219.9597466206865,38.08952647705314,-26.933753379313657
210317_RF15_TA189_G08_Amplitude,210317_RF15_TA189,G08,1833.8845,2884.3265,1923.9932476483054,3477.6726745495735,90.10874764830555,593.3461745495733
210317_RF15_TA189_G09_Amplitude,210317_RF15_TA189,G09,1834.139,3599.039,1967.777549707211,3241.9426922262714,133.63854970721104,-357.09630777372877
210317_RF15_TA189_G10_Amplitude,210317_RF15_TA189,G10,1842.8335,4604.9185,1984.5337339239609,3237.700997748014,141.70023392396092,-1367.217502251986
210317_RF15_TA189_G11_Amplitude,210317_RF15_TA189,G11,1829.392,2696.385,1974.528381725233,3100.800313348076,145.13638172523292,404.41531334807587
210317_RF15_TA189_G12_Amplitude,210317_RF15_TA189,G12,1835.993,2487.1945,1922.6443303095791,3100.292004629643,86.65133030957918,613.097504629643
210317_RF15_TA189_H01_Amplitude,210317_RF15_TA189,H01,1830.216,3629.1285,1943.4139074348295,3306.4774881521157,113.19790743482963,-322.6510118478841
210317_RF15_TA189_H02_Amplitude,210317_RF15_TA189,H02,1830.4165,3216.35,1868.096999592798,2982.4771715218603,37.680499592798014,-233.87282847813958
210317_RF15_TA189_H03_Amplitude,210317_RF15_TA189,H03,1823.6125,2588.1645,1964.607908397169,3565.178667845465,140.99540839716906,977.0141678454652
210317_RF15_TA189_H04_Amplitude,210317_RF15_TA189,H04,1827.385,3278.008,1925.321134753256,3194.1789735831467,97.93613475325606,-83.82902641685314
210317_RF15_TA189_H05_Amplitude,210317_RF15_TA189,H05,1833.3025,3200.6285,1998.4774682174984,3326.662909088829,165.17496821749842,126.0344090888293
210317_RF15_TA189_H06_Amplitude,210317_RF15_TA189,H06,1836.4085,2852.079,1932.5696632061297,3481.925641653111,96.16116320612969,629.846641653111
210317_RF15_TA189_H07_Amplitude,210317_RF15_TA189,H07,1830.3625,2370.9705,1836.3119943565898,3253.610089219955,5.949494356589867,882.6395892199553
210317_RF15_TA189_H08_Amplitude,210317_RF15_TA189,H08,1827.867,2704.905,1896.2170890660962,3129.294252982419,68.35008906609619,424.38925298241884
210317_RF15_TA189_H09_Amplitude,210317_RF15_TA189,H09,1820.165,2413.1605,2016.349172771105,3586.451617141146,196.18417277110507,1173.291117141146
210317_RF15_TA189_H10_Amplitude,210317_RF15_TA189,H10,1824.022,2665.37,1810.497325730534,2927.5334220370846,-13.524674269466004,262.16342203708473
210317_RF15_TA189_H11_Amplitude,210317_RF15_TA189,H11,1833.8695,3296.9885000000004,1995.4805771966899,3516.7650370003585,161.61107719668985,219.77653700035808
210317_RF15_TA189_H12_Amplitude,210317_RF15_TA189,H12,1830.288,2604.5145,1903.1669162829526,3347.117433786604,72.87891628295256,742.6029337866039
210826_TRT5+7_TA218_A01_Amplitude,210826_TRT5+7_TA218,A01,1667.443,2222.4215000000004,2161.033625538894,2665.2794794502242,493.59062553889385,442.85797945022387
210826_TRT5+7_TA218_A02_Amplitude,210826_TRT5+7_TA218,A02,1648.8835,1487.9320000000002,1750.51625742937,1613.4578938429167,101.63275742937003,125.5258938429165
210826_TRT5+7_TA218_A03_Amplitude,210826_TRT5+7_TA218,A03,1585.608,1327.1170000000002,1942.533960060828,1332.2538993701837,356.92596006082795,5.136899370183528
210826_TRT5+7_TA218_A04_Amplitude,210826_TRT5+7_TA218,A04,1658.6675,2400.0195,1746.650549198052,2442.121029312057,87.98304919805196,42.10152931205721
210826_TRT5+7_TA218_A05_Amplitude,210826_TRT5+7_TA218,A05,1668.9555,1673.5070000000003,1813.1823052169473,1567.1613398898671,144.22680521694724,-106.34566011013317
210826_TRT5+7_TA218_A06_Amplitude,210826_TRT5+7_TA218,A06,1665.1915,2125.7915000000003,1824.1548907800327,1990.600986362382,158.9633907800328,-135.19051363761832
210826_TRT5+7_TA218_A07_Amplitude,210826_TRT5+7_TA218,A07,1660.0835,2580.4125,1676.2275692778223,2543.3917574348293,16.144069277822382,-37.02074256517062
210826_TRT5+7_TA218_A08_Amplitude,210826_TRT5+7_TA218,A08,1651.8584999999998,2241.2535,1725.615367146312,2188.7432507223652,73.75686714631229,-52.51024927763456
210826_TRT5+7_TA218_A09_Amplitude,210826_TRT5+7_TA218,A09,1662.9920000000002,1447.8870000000002,1522.9972870949998,1582.7871942985637,-139.99471290500037,134.90019429856352
210826_TRT5+7_TA218_A10_Amplitude,210826_TRT5+7_TA218,A10,1719.797,2107.404,1809.4381254413343,2602.673316195336,89.64112544133422,495.26931619533616
210826_TRT5+7_TA218_A11_Amplitude,210826_TRT5+7_TA218,A11,1657.03,2001.243,1789.6056356429308,1938.350135370924,132.57563564293082,-62.89286462907603
210826_TRT5+7_TA218_A12_Amplitude,210826_TRT5+7_TA218,A12,1657.881,1941.718,1913.2616040715022,2544.7994830248176,255.38060407150215,603.0814830248175
210826_TRT5+7_TA218_B01_Amplitude,210826_TRT5+7_TA218,B01,1653.555,2145.0200000000004,2194.777966067176,2570.031791141639,541.2229660671758,425.0117911416387
210826_TRT5+7_TA218_B02_Amplitude,210826_TRT5+7_TA218,B02,1660.2545,2487.026,1871.1768248708422,2361.4963259857363,210.9223248708422,-125.52967401426349
210826_TRT5+7_TA218_B03_Amplitude,210826_TRT5+7_TA218,B03,1663.2620000000002,1444.7750000000003,1685.5834227054154,1617.7958493028602,22.321422705415216,173.02084930285992
210826_TRT5+7_TA218_B04_Amplitude,210826_TRT5+7_TA218,B04,1680.3719999999998,2009.2735,1721.1002605490846,1996.1259613755192,40.72826054908478,-13.14753862448083
210826_TRT5+7_TA218_B05_Amplitude,210826_TRT5+7_TA218,B05,1658.4160000000002,1939.7200000000005,1881.1675873204151,1677.4959820731328,222.75158732041496,-262.22401792686765
210826_TRT5+7_TA218_B06_Amplitude,210826_TRT5+7_TA218,B06,1641.9035,2069.504,1764.199373921518,2248.0044537917465,122.29587392151802,178.50045379174662
210826_TRT5+7_TA218_B07_Amplitude,210826_TRT5+7_TA218,B07,1653.16,1550.2940000000003,1527.8972811648619,1595.2681835046421,-125.26271883513823,44.974183504641815
210826_TRT5+7_TA218_B08_Amplitude,210826_TRT5+7_TA218,B08,1688.7385,1637.1840000000002,1391.894065775,1629.1155788464955,-296.844434225,-8.068421153504687
210826_TRT5+7_TA218_B09_Amplitude,210826_TRT5+7_TA218,B09,1635.6084999999998,2071.9245,1507.9702558392753,1972.4250343070328,-127.63824416072453,-99.4994656929673
210826_TRT5+7_TA218_B10_Amplitude,210826_TRT5+7_TA218,B10,1656.0459999999998,1404.2950000000003,1583.5097725706041,1597.0940903134529,-72.5362274293957,192.79909031345255
210826_TRT5+7_TA218_B11_Amplitude,210826_TRT5+7_TA218,B11,1797.991,2074.7365,1725.9646624641775,2326.738977182736,-72.02633753582245,252.00247718273613
210826_TRT5+7_TA218_B12_Amplitude,210826_TRT5+7_TA218,B12,1595.531,2006.1215,1889.6871363286232,2532.872919134193,294.15613632862323,526.7514191341932
210826_TRT5+7_TA218_C01_Amplitude,210826_TRT5+7_TA218,C01,1639.018,2835.054,2231.375631973897,2557.2871808185973,592.3576319738968,-277.76681918140275
210826_TRT5+7_TA218_C02_Amplitude,210826_TRT5+7_TA218,C02,1663.6025,2341.648,1781.231927145531,2340.3537585921167,117.62942714553105,-1.294241407883419
210826_TRT5+7_TA218_C03_Amplitude,210826_TRT5+7_TA218,C03,1635.027,2094.4805,2104.213975859954,2352.3205557256665,469.18697585995415,257.8400557256664
210826_TRT5+7_TA218_C04_Amplitude,210826_TRT5+7_TA218,C04,1598.0425,2115.9135,2351.746651605861,3355.5219687352205,753.7041516058612,1239.6084687352204
210826_TRT5+7_TA218_C05_Amplitude,210826_TRT5+7_TA218,C05,1654.054,2104.2335000000003,2065.373665225337,2869.81229442217,411.31966522533685,765.5787944221697
210826_TRT5+7_TA218_C06_Amplitude,210826_TRT5+7_TA218,C06,1637.1245,2207.8405,2186.9236237899986,2466.356684559375,549.7991237899987,258.51618455937523
210826_TRT5+7_TA218_C07_Amplitude,210826_TRT5+7_TA218,C07,1692.0859999999998,2389.251,1549.4793588864864,2261.659355350891,-142.60664111351343,-127.59164464910918
210826_TRT5+7_TA218_C08_Amplitude,210826_TRT5+7_TA218,C08,1648.214,2002.854,1677.7979236114268,2542.5952907560695,29.583923611426826,539.7412907560695
210826_TRT5+7_TA218_C09_Amplitude,210826_TRT5+7_TA218,C09,1650.444,1992.872,1581.4347440624865,2024.5455634276357,-69.00925593751344,31.6735634276356
210826_TRT5+7_TA218_C10_Amplitude,210826_TRT5+7_TA218,C10,1663.443,2085.7355,1632.506511845679,2613.6766245252256,-30.93648815432107,527.9411245252259
210826_TRT5+7_TA218_C11_Amplitude,210826_TRT5+7_TA218,C11,1644.821,2089.491,1712.6426417841844,2322.861772912256,67.82164178418452,233.37077291225614
210826_TRT5+7_TA218_C12_Amplitude,210826_TRT5+7_TA218,C12,1632.7175,2064.735,1888.4726569085503,2393.5814527649727,255.75515690855036,328.8464527649726
210826_TRT5+7_TA218_D01_Amplitude,210826_TRT5+7_TA218,D01,1641.4905,2038.7835,2046.8635470706859,2145.2717047589204,405.37304707068574,106.48820475892035
210826_TRT5+7_TA218_D02_Amplitude,210826_TRT5+7_TA218,D02,1661.8085,2132.924,2444.383111992592,4340.712146632599,782.574611992592,2207.788146632599
210826_TRT5+7_TA218_D03_Amplitude,210826_TRT5+7_TA218,D03,1629.6095,1834.481,1681.3258506482455,1969.9756827999583,51.71635064824545,135.49468279995835
210826_TRT5+7_TA218_D04_Amplitude,210826_TRT5+7_TA218,D04,1655.2865,2333.7825000000003,1981.4067057941172,1983.5366627893193,326.1202057941173,-350.245837210681
210826_TRT5+7_TA218_D05_Amplitude,210826_TRT5+7_TA218,D05,1701.441,2500.5695,1867.8959169073134,2264.16270486588,166.45491690731342,-236.40679513411988
210826_TRT5+7_TA218_D06_Amplitude,210826_TRT5+7_TA218,D06,1657.1505000000002,2250.3175,2106.51210329329,2254.849739635345,449.3616032932896,4.532239635344922
210826_TRT5+7_TA218_D07_Amplitude,210826_TRT5+7_TA218,D07,1641.475,2185.249,1566.6208340338135,2082.5063003615132,-74.85416596618643,-102.74269963848656
210826_TRT5+7_TA218_D08_Amplitude,210826_TRT5+7_TA218,D08,1658.398,1859.063,1601.328117314768,2122.5488605394657,-57.06988268523196,263.48586053946565
210826_TRT5+7_TA218_D09_Amplitude,210826_TRT5+7_TA218,D09,1625.6645,1557.0990000000002,1634.3483901499285,1563.8034593203602,8.683890149928402,6.704459320360002
210826_TRT5+7_TA218_D10_Amplitude,210826_TRT5+7_TA218,D10,1582.694,1484.4310000000005,1649.6952737659674,1558.672454252755,67.00127376596743,74.24145425275447
210826_TRT5+7_TA218_D11_Amplitude,210826_TRT5+7_TA218,D11,1641.7775,2414.745,1710.3582047281734,2612.5702445714105,68.58070472817349,197.82524457141062
210826_TRT5+7_TA218_D12_Amplitude,210826_TRT5+7_TA218,D12,1650.8265,2038.228,1854.0889370973282,1897.4244425938202,203.2624370973283,-140.80355740617983
210826_TRT5+7_TA218_E01_Amplitude,210826_TRT5+7_TA218,E01,1666.023,2833.683,2107.7554444564903,2508.6720996209788,441.7324444564904,-325.0109003790212
210826_TRT5+7_TA218_E02_Amplitude,210826_TRT5+7_TA218,E02,1601.5295,2201.5095,2107.6348367300093,2624.926340790177,506.1053367300092,423.41684079017705
210826_TRT5+7_TA218_E03_Amplitude,210826_TRT5+7_TA218,E03,1666.2089999999998,1512.7240000000002,1852.8342002095055,1482.8065064111838,186.6252002095057,-29.917493588816342
210826_TRT5+7_TA218_E04_Amplitude,210826_TRT5+7_TA218,E04,1625.636,2232.24,1700.1974762745633,2431.757703986427,74.56147627456335,199.51770398642702
210826_TRT5+7_TA218_E05_Amplitude,210826_TRT5+7_TA218,E05,1614.3555,2391.671,1984.624579443343,2391.739630880744,370.2690794433431,0.06863088074396728
210826_TRT5+7_TA218_E06_Amplitude,210826_TRT5+7_TA218,E06,1640.847,2409.83,1580.4161896804687,2344.354756504141,-60.43081031953125,-65.4752434958591
210826_TRT5+7_TA218_E07_Amplitude,210826_TRT5+7_TA218,E07,1676.09,1767.85,1515.2330267083682,1961.48747950937,-160.85697329163168,193.63747950937
210826_TRT5+7_TA218_E08_Amplitude,210826_TRT5+7_TA218,E08,1645.777,1645.2720000000002,1616.4883969580073,1642.4158339222004,-29.2886030419927,-2.8561660777997986
210826_TRT5+7_TA218_E09_Amplitude,210826_TRT5+7_TA218,E09,1635.8325,2129.404,1461.6023331349386,1958.2281721532627,-174.2301668650614,-171.17582784673732
210826_TRT5+7_TA218_E10_Amplitude,210826_TRT5+7_TA218,E10,1628.8575,1641.5450000000003,1643.3365616830258,1657.1188628863101,14.479061683025748,15.573862886309826
210826_TRT5+7_TA218_E11_Amplitude,210826_TRT5+7_TA218,E11,1642.022,1890.688,1673.0954044310208,1981.5394905546586,31.07340443102089,90.85149055465854
210826_TRT5+7_TA218_E12_Amplitude,210826_TRT5+7_TA218,E12,1709.097,3279.647,1888.7027300965915,2308.6770490015697,179.60573009659151,-970.9699509984302
210826_TRT5+7_TA218_F01_Amplitude,210826_TRT5+7_TA218,F01,1701.6465,2290.8485,2134.444576806345,2409.3059993714846,432.7980768063451,118.45749937148457
210826_TRT5+7_TA218_F02_Amplitude,210826_TRT5+7_TA218,F02,1643.3539999999998,2136.5045,2008.0440973318023,2022.0559453618268,364.69009733180246,-114.44855463817316
210826_TRT5+7_TA218_F03_Amplitude,210826_TRT5+7_TA218,F03,1680.2385,2661.373,2063.0453455676225,2451.3126618907463,382.80684556762253,-210.06033810925373
210826_TRT5+7_TA218_F04_Amplitude,210826_TRT5+7_TA218,F04,1582.4675,2127.3755,2040.013463029211,2809.29889242672,457.54596302921095,681.92339242672
210826_TRT5+7_TA218_F05_Amplitude,210826_TRT5+7_TA218,F05,1604.803,2311.1495,1676.7245031263533,2466.8400036941634,71.92150312635317,155.69050369416345
210826_TRT5+7_TA218_F06_Amplitude,210826_TRT5+7_TA218,F06,1632.085,2163.7575,1920.676354888343,2254.688740501091,288.59135488834295,90.931240501091
210826_TRT5+7_TA218_F07_Amplitude,210826_TRT5+7_TA218,F07,1664.268,2095.054,1484.2688181805213,2063.592998816275,-179.99918181947874,-31.461001183724875
210826_TRT5+7_TA218_F08_Amplitude,210826_TRT5+7_TA218,F08,1666.96,1555.2020000000002,1627.1973160799328,1613.183848299509,-39.762683920067275,57.98184829950878
210826_TRT5+7_TA218_F09_Amplitude,210826_TRT5+7_TA218,F09,1654.665,2119.643,1678.6943299096322,1807.7356243614358,24.029329909632224,-311.9073756385642
210826_TRT5+7_TA218_F10_Amplitude,210826_TRT5+7_TA218,F10,1645.359,2144.6655,1611.7960160742068,2079.068879992903,-33.562983925793105,-65.59662000709704
210826_TRT5+7_TA218_F11_Amplitude,210826_TRT5+7_TA218,F11,1726.0594999999998,2018.188,1659.9346120638077,2296.432570590368,-66.12488793619218,278.24457059036786
210826_TRT5+7_TA218_F12_Amplitude,210826_TRT5+7_TA218,F12,1660.2325,2351.313,1753.6309974261367,2352.767545471227,93.3984974261366,1.454545471226993
210826_TRT5+7_TA218_G01_Amplitude,210826_TRT5+7_TA218,G01,1639.1185,2047.7015,2196.566743443246,3230.809056013787,557.4482434432462,1183.1075560137872
210826_TRT5+7_TA218_G02_Amplitude,210826_TRT5+7_TA218,G02,1671.6235,2099.8445,2165.402410322045,2320.781754210034,493.778910322045,220.93725421003364
210826_TRT5+7_TA218_G03_Amplitude,210826_TRT5+7_TA218,G03,1647.161,2009.744,2137.960440302779,3168.8001399611594,490.79944030277875,1159.0561399611595
210826_TRT5+7_TA218_G04_Amplitude,210826_TRT5+7_TA218,G04,1657.069,2086.0505,2066.966716383083,2902.484116721668,409.8977163830832,816.4336167216684
210826_TRT5+7_TA218_G05_Amplitude,210826_TRT5+7_TA218,G05,1650.086,2378.739,1676.319491035848,2088.0405263401058,26.23349103584792,-290.69847365989426
210826_TRT5+7_TA218_G06_Amplitude,210826_TRT5+7_TA218,G06,1678.377,2215.2275,1930.0703472250152,2195.8608710438066,251.69334722501526,-19.36662895619338
210826_TRT5+7_TA218_G07_Amplitude,210826_TRT5+7_TA218,G07,1655.9715,1852.0095,1527.7684808523557,1884.9647868078591,-128.20301914764445,32.95528680785924
210826_TRT5+7_TA218_G08_Amplitude,210826_TRT5+7_TA218,G08,1675.436,1516.1170000000002,1361.1415270333578,1584.9469932729085,-314.29447296664216,68.82999327290827
210826_TRT5+7_TA218_G09_Amplitude,210826_TRT5+7_TA218,G09,1611.242,2205.0855,1512.3186213465897,2332.3868921217236,-98.92337865341028,127.30139212172344
210826_TRT5+7_TA218_G10_Amplitude,210826_TRT5+7_TA218,G10,1591.278,1710.3240000000003,1510.423530389449,1649.4529673418947,-80.85446961055095,-60.871032658105605
210826_TRT5+7_TA218_G11_Amplitude,210826_TRT5+7_TA218,G11,1643.938,1642.7290000000005,1550.423118291756,1628.3119999128057,-93.51488170824405,-14.417000087194765
210826_TRT5+7_TA218_G12_Amplitude,210826_TRT5+7_TA218,G12,1655.9555,1594.8570000000002,1757.3786030938134,1693.3795740395153,101.42310309381332,98.52257403951512
210826_TRT5+7_TA218_H01_Amplitude,210826_TRT5+7_TA218,H01,1647.596,2881.3245,2227.2053979682487,2583.494616481347,579.6093979682487,-297.82988351865333
210826_TRT5+7_TA218_H02_Amplitude,210826_TRT5+7_TA218,H02,1634.2545,2097.112,2129.5728004124358,3205.718037199759,495.31830041243575,1108.6060371997587
210826_TRT5+7_TA218_H03_Amplitude,210826_TRT5+7_TA218,H03,1643.605,2360.7525,2224.5996913263575,2432.8154548177827,580.9946913263575,72.06295481778261
210826_TRT5+7_TA218_H04_Amplitude,210826_TRT5+7_TA218,H04,1666.4065,2023.338,2141.871222879731,3158.9002794348407,475.46472287973074,1135.5622794348408
210826_TRT5+7_TA218_H05_Amplitude,210826_TRT5+7_TA218,H05,1645.802,1970.9805,2114.069865788787,2935.0421090022464,468.26786578878705,964.0616090022465
210826_TRT5+7_TA218_H06_Amplitude,210826_TRT5+7_TA218,H06,1639.716,2068.381,2249.786197956467,2555.52953422072,610.0701979564669,487.1485342207202
210826_TRT5+7_TA218_H07_Amplitude,210826_TRT5+7_TA218,H07,1639.246,2279.7605,1653.3184474246123,2606.4861896738175,14.072447424612164,326.72568967381767
210826_TRT5+7_TA218_H08_Amplitude,210826_TRT5+7_TA218,H08,1632.2055,2371.3900000000003,1770.9433718620587,2437.614811181638,138.73787186205868,66.2248111816375
210826_TRT5+7_TA218_H09_Amplitude,210826_TRT5+7_TA218,H09,1639.1655,1458.7360000000003,1541.1247529861787,1573.7467618607293,-98.04074701382137,115.01076186072896
210826_TRT5+7_TA218_H10_Amplitude,210826_TRT5+7_TA218,H10,1659.002,2469.5415,1816.5629894421884,2447.244670362257,157.56098944218843,-22.29682963774303
210826_TRT5+7_TA218_H11_Amplitude,210826_TRT5+7_TA218,H11,1671.8245000000002,2224.597,1717.1137473825947,2375.4789378108653,45.28924738259457,150.8819378108651
210826_TRT5+7_TA218_H12_Amplitude,210826_TRT5+7_TA218,H12,1646.1025,2450.3385,1922.8807243080807,2443.297156821719,276.7782243080808,-7.04134317828084
210819_MIP-056_TAS1_TRT219_A01_Amplitude,210819_MIP-056_TAS1_TRT219,A01,2124.657,4299.741,2227.2755179478477,4150.378130877521,102.61851794784752,-149.36286912247942
210819_MIP-056_TAS1_TRT219_A02_Amplitude,210819_MIP-056_TAS1_TRT219,A02,2072.5515,4237.723,2338.376989162987,4216.246790258583,265.82548916298674,-21.476209741416824
210819_MIP-056_TAS1_TRT219_A03_Amplitude,210819_MIP-056_TAS1_TRT219,A03,2171.5405,4307.7725,2214.0153719814807,3962.710896741657,42.474871981480646,-345.061603258343
210819_MIP-056_TAS1_TRT219_A04_Amplitude,210819_MIP-056_TAS1_TRT219,A04,2166.625,4279.5715,2268.907630391206,4400.123234653064,102.28263039120611,120.55173465306416
210819_MIP-056_TAS1_TRT219_A05_Amplitude,210819_MIP-056_TAS1_TRT219,A05,1879.5085,4244.098,2182.927898195256,3831.0648724684347,303.41939819525624,-413.03312753156524
210819_MIP-056_TAS1_TRT219_A06_Amplitude,210819_MIP-056_TAS1_TRT219,A06,2079.7845,4270.223,2185.912251155981,3850.4697135114084,106.1277511559806,-419.7532864885916
210819_MIP-056_TAS1_TRT219_A07_Amplitude,210819_MIP-056_TAS1_TRT219,A07,2203.0585,4264.3060000000005,2188.368606313999,4207.667165835283,-14.689893686001142,-56.63883416471708
210819_MIP-056_TAS1_TRT219_A08_Amplitude,210819_MIP-056_TAS1_TRT219,A08,2152.008,4337.612,2209.1397168744907,4358.329453919276,57.13171687449085,20.717453919275613
210819_MIP-056_TAS1_TRT219_A09_Amplitude,210819_MIP-056_TAS1_TRT219,A09,1884.034,4300.8745,2480.7649441136805,4551.188212839692,596.7309441136804,250.31371283969202
210819_MIP-056_TAS1_TRT219_A10_Amplitude,210819_MIP-056_TAS1_TRT219,A10,2152.973,4206.922500000001,2234.9498516742146,4210.443114678586,81.97685167421469,3.5206146785858436
210819_MIP-056_TAS1_TRT219_A11_Amplitude,210819_MIP-056_TAS1_TRT219,A11,2273.427,4271.659,2454.3338883993497,4619.774979072782,180.90688839934955,348.11597907278247
210819_MIP-056_TAS1_TRT219_A12_Amplitude,210819_MIP-056_TAS1_TRT219,A12,2167.161,4350.413500000001,2391.8267056353448,4803.120911313595,224.6657056353447,452.7074113135941
210819_MIP-056_TAS1_TRT219_B01_Amplitude,210819_MIP-056_TAS1_TRT219,B01,2212.352,4277.755,2151.2177557436416,3814.427185462935,-61.134244256358215,-463.327814537065
210819_MIP-056_TAS1_TRT219_B02_Amplitude,210819_MIP-056_TAS1_TRT219,B02,2139.9635,4268.55,2176.2974414133314,4092.775151058259,36.33394141333156,-175.7748489417413
210819_MIP-056_TAS1_TRT219_B03_Amplitude,210819_MIP-056_TAS1_TRT219,B03,2184.9425,4277.7105,2228.5403420410926,3968.7070589483537,43.59784204109246,-309.0034410516464
210819_MIP-056_TAS1_TRT219_B04_Amplitude,210819_MIP-056_TAS1_TRT219,B04,2153.8815,4302.074500000001,2143.3485151027326,4346.03687701467,-10.532984897267397,43.96237701466907
210819_MIP-056_TAS1_TRT219_B05_Amplitude,210819_MIP-056_TAS1_TRT219,B05,2163.9295,4279.4945,2221.8369638636777,4046.4410267890744,57.90746386367755,-233.0534732109254
210819_MIP-056_TAS1_TRT219_B06_Amplitude,210819_MIP-056_TAS1_TRT219,B06,2186.951,4264.642,2218.3734529481485,4010.9088969598793,31.422452948148475,-253.73310304012057
210819_MIP-056_TAS1_TRT219_B07_Amplitude,210819_MIP-056_TAS1_TRT219,B07,2165.313,4315.3195,2168.5548707780554,3964.9414908066115,3.2418707780552722,-350.37800919338815
210819_MIP-056_TAS1_TRT219_B08_Amplitude,210819_MIP-056_TAS1_TRT219,B08,2182.608,4285.603999999999,2365.565499734998,4651.638334504231,182.95749973499778,366.034334504232
210819_MIP-056_TAS1_TRT219_B09_Amplitude,210819_MIP-056_TAS1_TRT219,B09,1912.632,4273.558499999999,2619.153132232201,4852.973093768573,706.5211322322011,579.4145937685735
210819_MIP-056_TAS1_TRT219_B10_Amplitude,210819_MIP-056_TAS1_TRT219,B10,2129.0655,4229.871999999999,2224.9323119853634,4279.30390873518,95.86681198536326,49.431908735180514
210819_MIP-056_TAS1_TRT219_B11_Amplitude,210819_MIP-056_TAS1_TRT219,B11,1983.0505,4262.505,2591.2467606183254,4896.255125427581,608.1962606183254,633.7501254275812
210819_MIP-056_TAS1_TRT219_B12_Amplitude,210819_MIP-056_TAS1_TRT219,B12,2187.3735,4256.486,2306.0137366618983,4933.48363212974,118.64023666189814,676.9976321297399
210819_MIP-056_TAS1_TRT219_C01_Amplitude,210819_MIP-056_TAS1_TRT219,C01,2343.0235,4241.7515,2517.25654137766,4727.730019077248,174.23304137766036,485.97851907724726
210819_MIP-056_TAS1_TRT219_C02_Amplitude,210819_MIP-056_TAS1_TRT219,C02,2193.2195,4289.293,2464.461082766699,4557.573515705804,271.2415827666987,268.28051570580465
210819_MIP-056_TAS1_TRT219_C03_Amplitude,210819_MIP-056_TAS1_TRT219,C03,2173.673,4331.7635,2056.3185930777586,4125.185232569725,-117.3544069222412,-206.57826743027545
210819_MIP-056_TAS1_TRT219_C04_Amplitude,210819_MIP-056_TAS1_TRT219,C04,2196.502,4275.4105,1931.7708198566022,3607.2914335750356,-264.73118014339775,-668.1190664249643
210819_MIP-056_TAS1_TRT219_C05_Amplitude,210819_MIP-056_TAS1_TRT219,C05,2175.5115,4274.678,2535.24165047228,4773.958824728034,359.73015047228,499.28082472803453
210819_MIP-056_TAS1_TRT219_C06_Amplitude,210819_MIP-056_TAS1_TRT219,C06,2172.4,4293.058,2146.7556023913253,4269.653330302988,-25.644397608674808,-23.40466969701174
210819_MIP-056_TAS1_TRT219_C07_Amplitude,210819_MIP-056_TAS1_TRT219,C07,2175.4145,4325.2255000000005,1995.9508377014542,3567.653648286004,-179.46366229854561,-757.5718517139962
210819_MIP-056_TAS1_TRT219_C08_Amplitude,210819_MIP-056_TAS1_TRT219,C08,2045.61,4310.4895,2589.3248501200083,4739.2577278033405,543.7148501200084,428.7682278033408
210819_MIP-056_TAS1_TRT219_C09_Amplitude,210819_MIP-056_TAS1_TRT219,C09,2153.369,4286.565500000001,2512.719792797993,4714.009975542603,359.35079279799265,427.44447554260205
210819_MIP-056_TAS1_TRT219_C10_Amplitude,210819_MIP-056_TAS1_TRT219,C10,2270.051,4265.3555,2513.4715159424295,5032.4564637294325,243.42051594242957,767.1009637294328
210819_MIP-056_TAS1_TRT219_C11_Amplitude,210819_MIP-056_TAS1_TRT219,C11,2509.084,4264.136,2598.8617385908174,4827.548615055286,89.77773859081753,563.4126150552856
210819_MIP-056_TAS1_TRT219_C12_Amplitude,210819_MIP-056_TAS1_TRT219,C12,3860.908,4277.173000000001,3122.09907340214,4976.152079218559,-738.8089265978597,698.9790792185586
210819_MIP-056_TAS1_TRT219_D01_Amplitude,210819_MIP-056_TAS1_TRT219,D01,2179.1705,4316.2925,2470.6598458843346,4824.086144698234,291.4893458843344,507.79364469823486
210819_MIP-056_TAS1_TRT219_D02_Amplitude,210819_MIP-056_TAS1_TRT219,D02,2041.815,4169.805,2556.21947672431,4703.534329139785,514.4044767243099,533.7293291397846
210819_MIP-056_TAS1_TRT219_D03_Amplitude,210819_MIP-056_TAS1_TRT219,D03,2182.703,4271.62,2028.7643289702498,4232.683048911812,-153.93867102975014,-38.936951088187925
210819_MIP-056_TAS1_TRT219_D04_Amplitude,210819_MIP-056_TAS1_TRT219,D04,2110.676,4346.2475,2553.4722735277833,4358.586520257859,442.79627352778334,12.339020257858465
210819_MIP-056_TAS1_TRT219_D05_Amplitude,210819_MIP-056_TAS1_TRT219,D05,2253.2685,4493.646000000001,2143.7424131660814,3904.596979382036,-109.52608683391873,-589.0490206179647
210819_MIP-056_TAS1_TRT219_D06_Amplitude,210819_MIP-056_TAS1_TRT219,D06,2162.7035,4197.5995,2491.305856470477,4741.704363636271,328.60235647047693,544.1048636362711
210819_MIP-056_TAS1_TRT219_D07_Amplitude,210819_MIP-056_TAS1_TRT219,D07,2199.5685,4417.9295,2194.984887472777,4012.613213135944,-4.5836125272230674,-405.3162868640561
210819_MIP-056_TAS1_TRT219_D08_Amplitude,210819_MIP-056_TAS1_TRT219,D08,2274.948,4268.300499999999,2565.527342068447,4777.442561641288,290.5793420684472,509.1420616412888
210819_MIP-056_TAS1_TRT219_D09_Amplitude,210819_MIP-056_TAS1_TRT219,D09,1878.1325,4257.9905,2599.6480569564087,4755.744379624407,721.5155569564088,497.7538796244071
210819_MIP-056_TAS1_TRT219_D10_Amplitude,210819_MIP-056_TAS1_TRT219,D10,2197.918,4263.679,2473.0935302796865,4757.603702452507,275.1755302796864,493.9247024525066
210819_MIP-056_TAS1_TRT219_D11_Amplitude,210819_MIP-056_TAS1_TRT219,D11,2366.8285,4272.362999999999,2557.463969291712,4763.914248672843,190.63546929171207,491.55124867284394
210819_MIP-056_TAS1_TRT219_D12_Amplitude,210819_MIP-056_TAS1_TRT219,D12,2070.3305,4277.259,2537.24484969512,4869.990522328287,466.9143496951201,592.7315223282867
210819_MIP-056_TAS1_TRT219_E01_Amplitude,210819_MIP-056_TAS1_TRT219,E01,2154.3455000000004,4276.085,2251.207524420133,4569.526434468889,96.86202442013246,293.4414344688894
210819_MIP-056_TAS1_TRT219_E02_Amplitude,210819_MIP-056_TAS1_TRT219,E02,2148.4845,4313.7255000000005,2495.6601927089314,4732.679798933435,347.17569270893136,418.954298933435
210819_MIP-056_TAS1_TRT219_E03_Amplitude,210819_MIP-056_TAS1_TRT219,E03,2180.057,4256.5765,2200.343621876221,4660.816023275841,20.286621876221034,404.23952327584084
210819_MIP-056_TAS1_TRT219_E04_Amplitude,210819_MIP-056_TAS1_TRT219,E04,2170.0635,4265.886,2120.1437040771566,4097.347674778859,-49.919795922843605,-168.53832522114135
210819_MIP-056_TAS1_TRT219_E05_Amplitude,210819_MIP-056_TAS1_TRT219,E05,2211.8915,4320.7985,2352.765671957221,4694.583937836393,140.87417195722082,373.7854378363927
210819_MIP-056_TAS1_TRT219_E06_Amplitude,210819_MIP-056_TAS1_TRT219,E06,2129.113,4255.2135,2094.5174350865605,3950.377262486534,-34.595564913439375,-304.8362375134657
210819_MIP-056_TAS1_TRT219_E07_Amplitude,210819_MIP-056_TAS1_TRT219,E07,2135.771,4276.541499999999,2514.136155421099,4755.998118043917,378.36515542109873,479.45661804391784
210819_MIP-056_TAS1_TRT219_E08_Amplitude,210819_MIP-056_TAS1_TRT219,E08,2183.6565,4250.1865,2378.706887466945,4681.758713899075,195.0503874669448,431.572213899075
210819_MIP-056_TAS1_TRT219_E09_Amplitude,210819_MIP-056_TAS1_TRT219,E09,2259.762,4255.253500000001,2497.5823138705955,4766.634800365975,237.82031387059533,511.3813003659743
210819_MIP-056_TAS1_TRT219_E10_Amplitude,210819_MIP-056_TAS1_TRT219,E10,2195.9565,4278.323,2476.389492992663,4697.029557024207,280.432992992663,418.70655702420663
210819_MIP-056_TAS1_TRT219_E11_Amplitude,210819_MIP-056_TAS1_TRT219,E11,2147.8425,4191.503000000001,2323.44677148566,4739.864073855612,175.60427148565986,548.3610738556117
210819_MIP-056_TAS1_TRT219_E12_Amplitude,210819_MIP-056_TAS1_TRT219,E12,3586.3629999999994,4280.2015,3053.132937507512,4867.236902674287,-533.2300624924874,587.0354026742871
210819_MIP-056_TAS1_TRT219_F01_Amplitude,210819_MIP-056_TAS1_TRT219,F01,2455.6955,4266.944,2518.0249218539916,4818.243321097405,62.32942185399179,551.2993210974046
210819_MIP-056_TAS1_TRT219_F02_Amplitude,210819_MIP-056_TAS1_TRT219,F02,2164.7095,4219.0635,2461.5435982376903,4812.966787383165,296.83409823769034,593.9032873831648
210819_MIP-056_TAS1_TRT219_F03_Amplitude,210819_MIP-056_TAS1_TRT219,F03,2181.744,4287.0195,2139.7189016720654,4185.55306364427,-42.02509832793476,-101.46643635573037
210819_MIP-056_TAS1_TRT219_F04_Amplitude,210819_MIP-056_TAS1_TRT219,F04,2376.071,4207.2345,2422.1192604489243,4980.248603608311,46.04826044892434,773.0141036083114
210819_MIP-056_TAS1_TRT219_F05_Amplitude,210819_MIP-056_TAS1_TRT219,F05,2128.205,4313.9665,2556.719652043891,5194.1739736317595,428.51465204389115,880.2074736317591
210819_MIP-056_TAS1_TRT219_F06_Amplitude,210819_MIP-056_TAS1_TRT219,F06,2102.0855,4123.8625,2543.62951338232,4771.021224044545,441.5440133823199,647.1587240445451
210819_MIP-056_TAS1_TRT219_F07_Amplitude,210819_MIP-056_TAS1_TRT219,F07,2167.459,4305.307,2544.3426843365046,4764.137697631937,376.88368433650476,458.83069763193726
210819_MIP-056_TAS1_TRT219_F08_Amplitude,210819_MIP-056_TAS1_TRT219,F08,2467.939,4274.919,2871.765773603583,4436.550864124243,403.8267736035832,161.6318641242433
210819_MIP-056_TAS1_TRT219_F09_Amplitude,210819_MIP-056_TAS1_TRT219,F09,1994.653,4267.1625,2524.21456411604,4748.500013839545,529.56156411604,481.33751383954495
210819_MIP-056_TAS1_TRT219_F10_Amplitude,210819_MIP-056_TAS1_TRT219,F10,2160.221,4263.637000000001,2233.398411510147,4589.5243208244065,73.17741151014707,325.88732082440583
210819_MIP-056_TAS1_TRT219_F11_Amplitude,210819_MIP-056_TAS1_TRT219,F11,2151.645,4264.184499999999,2537.253135497931,4858.629409229846,385.608135497931,594.4449092298464
210819_MIP-056_TAS1_TRT219_F12_Amplitude,210819_MIP-056_TAS1_TRT219,F12,2071.691,4269.4405,2533.401774502345,5221.331690401021,461.710774502345,951.891190401021
210819_MIP-056_TAS1_TRT219_G01_Amplitude,210819_MIP-056_TAS1_TRT219,G01,2212.567,4270.292,2348.0547323954393,4878.577817181244,135.48773239543925,608.285817181244
210819_MIP-056_TAS1_TRT219_G02_Amplitude,210819_MIP-056_TAS1_TRT219,G02,2104.6885,4285.6085,2508.780981619588,4833.049050718617,404.09248161958794,547.4405507186166
210819_MIP-056_TAS1_TRT219_G03_Amplitude,210819_MIP-056_TAS1_TRT219,G03,2211.495,4232.951,2245.7662829367428,5004.831493621491,34.271282936742864,771.880493621491
210819_MIP-056_TAS1_TRT219_G04_Amplitude,210819_MIP-056_TAS1_TRT219,G04,2162.0975,4318.23,2371.2539873712144,4783.340720781837,209.15648737121455,465.1107207818377
210819_MIP-056_TAS1_TRT219_G05_Amplitude,210819_MIP-056_TAS1_TRT219,G05,2163.263,4256.924000000001,2038.865880469562,4506.675940567186,-124.39711953043798,249.75194056718556
210819_MIP-056_TAS1_TRT219_G06_Amplitude,210819_MIP-056_TAS1_TRT219,G06,2197.7045,4376.07,2408.158108333196,4837.590178141194,210.45360833319637,461.52017814119426
210819_MIP-056_TAS1_TRT219_G07_Amplitude,210819_MIP-056_TAS1_TRT219,G07,2172.8895,4319.034,2427.816765729405,4651.6373142524735,254.92726572940455,332.60331425247387
210819_MIP-056_TAS1_TRT219_G08_Amplitude,210819_MIP-056_TAS1_TRT219,G08,3271.088,4273.2675,3077.077772770429,4763.947086834282,-194.01022722957123,490.6795868342824
210819_MIP-056_TAS1_TRT219_G09_Amplitude,210819_MIP-056_TAS1_TRT219,G09,2046.9225,4255.92,2515.97389138219,4811.72382415435,469.0513913821899,555.80382415435
210819_MIP-056_TAS1_TRT219_G10_Amplitude,210819_MIP-056_TAS1_TRT219,G10,1951.7435,4271.654500000001,2530.4885141120703,4741.734801740839,578.7450141120703,470.0803017408389
210819_MIP-056_TAS1_TRT219_G11_Amplitude,210819_MIP-056_TAS1_TRT219,G11,2118.56,4240.6685,2575.6269375642123,5048.259035669916,457.06693756421237,807.5905356699159
210819_MIP-056_TAS1_TRT219_G12_Amplitude,210819_MIP-056_TAS1_TRT219,G12,2014.9475,4280.019,2567.852658192189,4911.7084259294315,552.9051581921892,631.6894259294313
210819_MIP-056_TAS1_TRT219_H01_Amplitude,210819_MIP-056_TAS1_TRT219,H01,2164.042,4266.0085,2417.860550577979,5281.087825065711,253.8185505779793,1015.0793250657107
210819_MIP-056_TAS1_TRT219_H02_Amplitude,210819_MIP-056_TAS1_TRT219,H02,2172.996,4323.120999999999,2236.6151126592963,5003.563278209325,63.619112659296206,680.4422782093261
210819_MIP-056_TAS1_TRT219_H03_Amplitude,210819_MIP-056_TAS1_TRT219,H03,2146.1445,4450.491,2390.9243612868627,4808.346159627702,244.7798612868628,357.85515962770205
210819_MIP-056_TAS1_TRT219_H04_Amplitude,210819_MIP-056_TAS1_TRT219,H04,2308.444,4365.523,2546.5927725584997,4754.112805270602,238.1487725584998,388.5898052706016
210819_MIP-056_TAS1_TRT219_H05_Amplitude,210819_MIP-056_TAS1_TRT219,H05,2174.5555,4308.4845000000005,2364.0558092790843,4794.790488576075,189.50030927908438,486.3059885760749
210819_MIP-056_TAS1_TRT219_H06_Amplitude,210819_MIP-056_TAS1_TRT219,H06,2176.2035,4244.053,2338.835601042297,4855.133154569085,162.6321010422971,611.0801545690847
210819_MIP-056_TAS1_TRT219_H07_Amplitude,210819_MIP-056_TAS1_TRT219,H07,2354.708,4271.6865,2540.5141511578745,5121.548646015563,185.8061511578744,849.8621460155628
210819_MIP-056_TAS1_TRT219_H08_Amplitude,210819_MIP-056_TAS1_TRT219,H08,3795.967,4278.464,3141.865284137715,5043.066932083255,-654.1017158622849,764.6029320832549
210819_MIP-056_TAS1_TRT219_H09_Amplitude,210819_MIP-056_TAS1_TRT219,H09,2354.688,4288.0425,2496.8068488510557,4860.1102119015595,142.11884885105565,572.06771190156
210819_MIP-056_TAS1_TRT219_H10_Amplitude,210819_MIP-056_TAS1_TRT219,H10,2172.1130000000003,4281.222,2504.7769243283274,5099.334484416714,332.6639243283271,818.1124844167143
210819_MIP-056_TAS1_TRT219_H11_Amplitude,210819_MIP-056_TAS1_TRT219,H11,3886.809,4274.3325,3119.804141373082,4996.523135938749,-767.0048586269181,722.1906359387485
210819_MIP-056_TAS1_TRT219_H12_Amplitude,210819_MIP-056_TAS1_TRT219,H12,4013.5659999999993,4274.885,3274.3914818394774,4972.998308782656,-739.174518160522,698.1133087826556
211001_TRT65_TA223_A01_Amplitude,211001_TRT65_TA223,A01,1271.723,965.6522,2033.6564659087671,1465.9785440612834,761.9334659087672,500.3263440612834
211001_TRT65_TA223_A02_Amplitude,211001_TRT65_TA223,A02,1260.9245,965.57235,2010.5845377676271,1441.6570374806574,749.660037767627,476.0846874806574
211001_TRT65_TA223_A03_Amplitude,211001_TRT65_TA223,A03,1265.067,981.836,1942.0246910398805,1320.2921976166842,676.9576910398805,338.4561976166842
211001_TRT65_TA223_A04_Amplitude,211001_TRT65_TA223,A04,1266.542,984.2544,1788.5026506436968,1537.4980013186598,521.9606506436969,553.2436013186598
211001_TRT65_TA223_A05_Amplitude,211001_TRT65_TA223,A05,1266.0425,934.94675,1841.8729056276968,1436.1282296195932,575.8304056276968,501.18147961959323
211001_TRT65_TA223_A06_Amplitude,211001_TRT65_TA223,A06,1272.3045,980.33885,1798.77535971169,1492.9011822465188,526.4708597116901,512.5623322465188
211001_TRT65_TA223_A07_Amplitude,211001_TRT65_TA223,A07,1255.1535,1085.8854,1945.225971489842,1298.322621941895,690.0724714898422,212.43722194189513
211001_TRT65_TA223_A08_Amplitude,211001_TRT65_TA223,A08,1243.664,1013.09535,1852.0226211433262,1433.0221691788588,608.3586211433262,419.92681917885875
211001_TRT65_TA223_A09_Amplitude,211001_TRT65_TA223,A09,1270.0955,1235.92265,1933.734342433695,1418.0053515937343,663.6388424336951,182.08270159373433
211001_TRT65_TA223_A10_Amplitude,211001_TRT65_TA223,A10,1259.3255,970.72885,1601.475002801735,1847.984835295704,342.149502801735,877.255985295704
211001_TRT65_TA223_A11_Amplitude,211001_TRT65_TA223,A11,1262.7295,946.0024,1950.1838131771292,1440.6529313273027,687.4543131771293,494.6505313273027
211001_TRT65_TA223_A12_Amplitude,211001_TRT65_TA223,A12,1272.0715,969.8209,2018.193155713204,1440.1787695247956,746.1216557132041,470.35786952479555
211001_TRT65_TA223_B01_Amplitude,211001_TRT65_TA223,B01,1267.385,934.08755,2032.5021779512626,1476.6213470093214,765.1171779512626,542.5337970093215
211001_TRT65_TA223_B02_Amplitude,211001_TRT65_TA223,B02,1269.6235,965.6628,1954.7202130013256,1239.5200390555149,685.0967130013257,273.8572390555149
211001_TRT65_TA223_B03_Amplitude,211001_TRT65_TA223,B03,1265.932,1196.9772,1810.8069491271435,1477.730780017012,544.8749491271435,280.7535800170119
211001_TRT65_TA223_B04_Amplitude,211001_TRT65_TA223,B04,1260.683,1000.9105,1851.5179303759217,1281.7335031301213,590.8349303759217,280.8230031301214
211001_TRT65_TA223_B05_Amplitude,211001_TRT65_TA223,B05,1226.8710000000003,696.0396000000001,1250.1468178869409,755.3660863527978,23.27581788694056,59.3264863527977
211001_TRT65_TA223_B06_Amplitude,211001_TRT65_TA223,B06,1265.48,975.9286,1821.5370918090919,1453.0711750998246,556.0570918090918,477.1425750998246
211001_TRT65_TA223_B07_Amplitude,211001_TRT65_TA223,B07,1265.491,922.55915,1894.5173314761,1230.6117772446012,629.0263314761,308.0526272446011
211001_TRT65_TA223_B08_Amplitude,211001_TRT65_TA223,B08,1264.8915,1056.37055,1953.2161829153602,1350.7446460818128,688.3246829153602,294.3740960818127
211001_TRT65_TA223_B09_Amplitude,211001_TRT65_TA223,B09,1290.0765,928.2082,1815.5443222568044,1214.4136421747814,525.4678222568045,286.2054421747814
211001_TRT65_TA223_B10_Amplitude,211001_TRT65_TA223,B10,1262.1025,938.79385,1812.2499993350284,1450.5980707321694,550.1474993350284,511.80422073216937
211001_TRT65_TA223_B11_Amplitude,211001_TRT65_TA223,B11,1264.2515,1026.47535,1957.6956209647285,1417.7995140875203,693.4441209647284,391.32416408752033
211001_TRT65_TA223_B12_Amplitude,211001_TRT65_TA223,B12,1264.3665,977.52805,1810.7211337919987,1608.8131291317204,546.3546337919986,631.2850791317204
211001_TRT65_TA223_C01_Amplitude,211001_TRT65_TA223,C01,1262.5055000000002,1002.25745,1798.693316556585,1475.1422215855061,536.1878165565847,472.8847715855062
211001_TRT65_TA223_C02_Amplitude,211001_TRT65_TA223,C02,1263.867,983.43795,1920.9644632904592,1166.5099161596927,657.0974632904592,183.0719661596927
211001_TRT65_TA223_C03_Amplitude,211001_TRT65_TA223,C03,1264.507,952.9623,1851.8787134030315,1439.3009553634156,587.3717134030314,486.33865536341557
211001_TRT65_TA223_C04_Amplitude,211001_TRT65_TA223,C04,1263.2185,1065.50125,1721.9198755846778,1498.527863953256,458.70137558467786,433.02661395325595
211001_TRT65_TA223_C05_Amplitude,211001_TRT65_TA223,C05,1231.4070000000002,717.9682000000001,1214.269275695946,744.2137712766979,-17.137724304054245,26.245571276697774
211001_TRT65_TA223_C06_Amplitude,211001_TRT65_TA223,C06,1259.1535,894.4903000000002,1744.2187706762438,1228.036130872241,485.0652706762439,333.5458308722409
211001_TRT65_TA223_C07_Amplitude,211001_TRT65_TA223,C07,1267.3045,885.8879000000001,1776.71934136305,1222.4536296607332,509.4148413630501,336.56572966073315
211001_TRT65_TA223_C08_Amplitude,211001_TRT65_TA223,C08,1263.352,868.7526000000001,1815.5259305315694,1225.0495034435774,552.1739305315693,356.2969034435772
211001_TRT65_TA223_C09_Amplitude,211001_TRT65_TA223,C09,1265.856,844.3483000000001,1831.403344979568,1223.9820774236814,565.5473449795679,379.6337774236813
211001_TRT65_TA223_C10_Amplitude,211001_TRT65_TA223,C10,1271.623,966.90995,1860.6892214790328,1405.1160503109463,589.0662214790327,438.20610031094634
211001_TRT65_TA223_C11_Amplitude,211001_TRT65_TA223,C11,1274.0395,1050.2108,1826.4130697746182,1275.624962624749,552.3735697746181,225.414162624749
211001_TRT65_TA223_C12_Amplitude,211001_TRT65_TA223,C12,1270.191,975.12965,1815.5947197224043,1369.98019627427,545.4037197224043,394.85054627426996
211001_TRT65_TA223_D01_Amplitude,211001_TRT65_TA223,D01,1276.6280000000002,1010.0164,1720.403950031718,1602.853044151653,443.7759500317179,592.836644151653
211001_TRT65_TA223_D02_Amplitude,211001_TRT65_TA223,D02,1268.2615,1068.9673,1909.5988838814178,1360.7928150963314,641.3373838814177,291.8255150963314
211001_TRT65_TA223_D03_Amplitude,211001_TRT65_TA223,D03,1265.8415,966.4084,1782.5766484113012,1348.7955837681088,516.7351484113012,382.3871837681088
211001_TRT65_TA223_D04_Amplitude,211001_TRT65_TA223,D04,1264.039,982.45765,1677.8583488754864,1366.7729288563935,413.8193488754864,384.31527885639355
211001_TRT65_TA223_D05_Amplitude,211001_TRT65_TA223,D05,1266.6950000000002,956.08615,1484.128356938537,1316.6289755922,217.43335693853692,360.5428255922001
211001_TRT65_TA223_D06_Amplitude,211001_TRT65_TA223,D06,1274.2345,1029.4167,1771.5937755607292,1453.6621571791954,497.3592755607292,424.24545717919545
211001_TRT65_TA223_D07_Amplitude,211001_TRT65_TA223,D07,1275.501,1615.8915000000002,1512.3459782303862,1487.521993829963,236.84497823038623,-128.36950617003708
211001_TRT65_TA223_D08_Amplitude,211001_TRT65_TA223,D08,1264.0885,1000.72395,1636.8883864012103,1613.1496130328646,372.7998864012102,612.4256630328647
211001_TRT65_TA223_D09_Amplitude,211001_TRT65_TA223,D09,1256.067,1009.5805,1710.8598722778147,1566.0031630299482,454.7928722778147,556.4226630299481
211001_TRT65_TA223_D10_Amplitude,211001_TRT65_TA223,D10,1255.1925,1090.94665,1925.1732813526803,1481.9458178919233,669.9807813526802,390.9991678919232
211001_TRT65_TA223_D11_Amplitude,211001_TRT65_TA223,D11,1265.9575,924.3819,1753.1136243707072,1562.521597949729,487.1561243707072,638.1396979497291
211001_TRT65_TA223_D12_Amplitude,211001_TRT65_TA223,D12,1222.072,1034.9443,1716.294565723566,1343.5688158297562,494.22256572356605,308.6245158297561
211001_TRT65_TA223_E01_Amplitude,211001_TRT65_TA223,E01,1249.6329999999998,1155.10095,1741.696989349243,1545.3332956172617,492.06398934924323,390.23234561726167
211001_TRT65_TA223_E02_Amplitude,211001_TRT65_TA223,E02,1273.9585000000002,997.26575,1836.702217937859,1306.623680640627,562.7437179378587,309.35793064062705
211001_TRT65_TA223_E03_Amplitude,211001_TRT65_TA223,E03,1254.759,1390.3647500000002,1787.9235494056463,1494.941760067649,533.1645494056463,104.57701006764887
211001_TRT65_TA223_E04_Amplitude,211001_TRT65_TA223,E04,1255.8535000000002,1329.97545,1638.9223419443745,1428.2227876358997,383.0688419443743,98.24733763589984
211001_TRT65_TA223_E05_Amplitude,211001_TRT65_TA223,E05,1264.0955,1055.3153,1431.3292021358886,1264.298371108339,167.23370213588873,208.98307110833912
211001_TRT65_TA223_E06_Amplitude,211001_TRT65_TA223,E06,1267.4805,996.79275,1512.2827418148706,1408.2089057052162,244.80224181487074,411.4161557052163
211001_TRT65_TA223_E07_Amplitude,211001_TRT65_TA223,E07,1263.8780000000002,1030.2809,1519.4334618323378,1399.5255165101057,255.55546183233764,369.24461651010574
211001_TRT65_TA223_E08_Amplitude,211001_TRT65_TA223,E08,1266.0255,1091.6943,1712.413886884232,1523.4836073763793,446.388386884232,431.78930737637916
211001_TRT65_TA223_E09_Amplitude,211001_TRT65_TA223,E09,1267.785,914.18785,1830.0086232796543,1297.4697532185437,562.2236232796542,383.2819032185437
211001_TRT65_TA223_E10_Amplitude,211001_TRT65_TA223,E10,1247.769,966.24435,1833.9957198610348,1229.7343740341173,586.2267198610348,263.49002403411725
211001_TRT65_TA223_E11_Amplitude,211001_TRT65_TA223,E11,1267.61,969.4617,1876.2589333123956,1425.9596770773967,608.6489333123957,456.49797707739674
211001_TRT65_TA223_E12_Amplitude,211001_TRT65_TA223,E12,1256.5905,947.87,1642.7173723126716,1586.6772593872386,386.1268723126716,638.8072593872386
211001_TRT65_TA223_F01_Amplitude,211001_TRT65_TA223,F01,1260.7424999999998,1063.3297,1871.897822028392,1273.571073724692,611.1553220283922,210.24137372469204
211001_TRT65_TA223_F02_Amplitude,211001_TRT65_TA223,F02,1267.1115,969.3744,1808.571055292103,1262.6837066034564,541.459555292103,293.3093066034563
211001_TRT65_TA223_F03_Amplitude,211001_TRT65_TA223,F03,1271.3200000000002,1041.7024,1781.0170660797116,1262.2336870673953,509.6970660797115,220.5312870673954
211001_TRT65_TA223_F04_Amplitude,211001_TRT65_TA223,F04,1263.6145,1019.83525,1696.5079122122534,1326.4801997305146,432.89341221225345,306.64494973051467
211001_TRT65_TA223_F05_Amplitude,211001_TRT65_TA223,F05,1262.393,941.6154,1476.4426770596122,1364.2835700027751,214.04967705961212,422.6681700027751
211001_TRT65_TA223_F06_Amplitude,211001_TRT65_TA223,F06,1265.8015,1030.9033,1690.317930179941,1247.1561048803987,424.5164301799409,216.2528048803988
211001_TRT65_TA223_F07_Amplitude,211001_TRT65_TA223,F07,1256.0575,994.32785,1592.0111479339039,1434.3346437252942,335.953647933904,440.0067937252942
211001_TRT65_TA223_F08_Amplitude,211001_TRT65_TA223,F08,1266.411,943.79815,1472.7020821110696,1252.8198863542314,206.2910821110695,309.0217363542314
211001_TRT65_TA223_F09_Amplitude,211001_TRT65_TA223,F09,1267.15,1098.3997,1833.3290006942175,1473.7022712124256,566.1790006942174,375.3025712124256
211001_TRT65_TA223_F10_Amplitude,211001_TRT65_TA223,F10,1263.766,1123.4168,1750.7230033612486,1511.3511354214277,486.95700336124855,387.9343354214277
211001_TRT65_TA223_F11_Amplitude,211001_TRT65_TA223,F11,1248.5315,1039.13415,1844.045688399561,1252.2926704602482,595.5141883995609,213.15852046024816
211001_TRT65_TA223_F12_Amplitude,211001_TRT65_TA223,F12,1248.8675,991.4749,1605.7723042111822,1503.3518988044639,356.9048042111822,511.8769988044638
211001_TRT65_TA223_G01_Amplitude,211001_TRT65_TA223,G01,1263.627,963.5734,1785.9557731700886,1303.9873582881835,522.3287731700887,340.4139582881835
211001_TRT65_TA223_G02_Amplitude,211001_TRT65_TA223,G02,1267.625,970.22895,1815.036591319893,1346.1923785442561,547.411591319893,375.9634285442561
211001_TRT65_TA223_G03_Amplitude,211001_TRT65_TA223,G03,1262.7615,1373.17045,1750.5084681482601,1533.0583214401604,487.74696814826007,159.88787144016032
211001_TRT65_TA223_G04_Amplitude,211001_TRT65_TA223,G04,1263.8125,933.6038,1825.41195997473,1226.206508721874,561.59945997473,292.6027087218739
211001_TRT65_TA223_G05_Amplitude,211001_TRT65_TA223,G05,1266.8815,987.39575,1774.4260600062923,1541.9250113843902,507.5445600062924,554.5292613843902
211001_TRT65_TA223_G06_Amplitude,211001_TRT65_TA223,G06,1269.219,983.1423,1926.2881817360403,1389.2346718872182,657.0691817360403,406.0923718872182
211001_TRT65_TA223_G07_Amplitude,211001_TRT65_TA223,G07,1262.0125,922.8691,1775.9723874513431,1222.2846743395523,513.9598874513431,299.41557433955234
211001_TRT65_TA223_G08_Amplitude,211001_TRT65_TA223,G08,1264.4365,981.37205,1798.0902963661547,1434.9475010921897,533.6537963661547,453.5754510921897
211001_TRT65_TA223_G09_Amplitude,211001_TRT65_TA223,G09,1261.3965,1011.13435,1788.9403525857158,1476.4129113503823,527.5438525857157,465.27856135038223
211001_TRT65_TA223_G10_Amplitude,211001_TRT65_TA223,G10,1254.6345,932.4930000000002,1743.2581789781293,1228.567881810819,488.6236789781294,296.07488181081885
211001_TRT65_TA223_G11_Amplitude,211001_TRT65_TA223,G11,1281.8145,1429.18375,1775.5981979948074,1512.1402505144297,493.7836979948074,82.95650051442976
211001_TRT65_TA223_G12_Amplitude,211001_TRT65_TA223,G12,1264.705,963.639,1438.7683674133555,1823.0705587660384,174.06336741335554,859.4315587660384
211001_TRT65_TA223_H01_Amplitude,211001_TRT65_TA223,H01,1261.6844999999998,976.21525,1807.5481186328939,1490.4870609429577,545.863618632894,514.2718109429577
211001_TRT65_TA223_H02_Amplitude,211001_TRT65_TA223,H02,1253.069,948.176,1656.0070342555916,1606.6960271377743,402.9380342555917,658.5200271377743
211001_TRT65_TA223_H03_Amplitude,211001_TRT65_TA223,H03,1248.29,949.073,1823.3043956399238,1324.7833177039072,575.0143956399238,375.7103177039072
211001_TRT65_TA223_H04_Amplitude,211001_TRT65_TA223,H04,1260.1975000000002,1123.76195,1841.8497674084426,1425.437588298397,581.6522674084424,301.67563829839696
211001_TRT65_TA223_H05_Amplitude,211001_TRT65_TA223,H05,1267.226,988.4434,1729.024810505808,1547.5422497792968,461.798810505808,559.0988497792968
211001_TRT65_TA223_H06_Amplitude,211001_TRT65_TA223,H06,1262.5745000000002,1202.8004,1844.0529283975784,1402.1287077333077,581.4784283975782,199.3283077333076
211001_TRT65_TA223_H07_Amplitude,211001_TRT65_TA223,H07,1262.054,975.21725,1807.5048443667508,1340.0331289762044,545.4508443667507,364.8158789762043
211001_TRT65_TA223_H08_Amplitude,211001_TRT65_TA223,H08,1273.7255,962.93235,1828.9583343114543,1484.9194421999093,555.2328343114543,521.9870921999093
211001_TRT65_TA223_H09_Amplitude,211001_TRT65_TA223,H09,1259.61,964.8578,1770.1037279029927,1473.4464796677537,510.49372790299276,508.5886796677537
211001_TRT65_TA223_H10_Amplitude,211001_TRT65_TA223,H10,1279.848,981.96935,1817.460679309862,1379.4166011821073,537.612679309862,397.4472511821074
211001_TRT65_TA223_H11_Amplitude,211001_TRT65_TA223,H11,1276.036,968.4942,1444.8771360994394,1958.0930309979265,168.84113609943938,989.5988309979265
211001_TRT65_TA223_H12_Amplitude,211001_TRT65_TA223,H12,1264.1415,974.48405,1442.5069526478517,1601.4756509353663,178.36545264785173,626.9916009353663
220104_MIP-064_TRT63_TA253_A01_Amplitude,220104_MIP-064_TRT63_TA253,A01,5128.627,1519.2225,2674.285621917781,1601.070912652675,-2454.3413780822193,81.84841265267482
220104_MIP-064_TRT63_TA253_A02_Amplitude,220104_MIP-064_TRT63_TA253,A02,5124.32,1514.007,2565.810759287464,1608.6494420481665,-2558.5092407125358,94.64244204816646
220104_MIP-064_TRT63_TA253_A03_Amplitude,220104_MIP-064_TRT63_TA253,A03,4471.1235,1547.995,2541.27834958553,1570.8446841307946,-1929.8451504144696,22.849684130794685
220104_MIP-064_TRT63_TA253_A04_Amplitude,220104_MIP-064_TRT63_TA253,A04,4899.724,1481.59,2559.501523170487,1563.0504692107195,-2340.222476829513,81.46046921071957
220104_MIP-064_TRT63_TA253_A05_Amplitude,220104_MIP-064_TRT63_TA253,A05,4998.982,1510.208,2686.6760082899714,1631.4842421826033,-2312.3059917100286,121.27624218260326
220104_MIP-064_TRT63_TA253_A06_Amplitude,220104_MIP-064_TRT63_TA253,A06,5045.9775,1483.174,2193.10102100085,1713.9735464934502,-2852.87647899915,230.79954649345018
220104_MIP-064_TRT63_TA253_A07_Amplitude,220104_MIP-064_TRT63_TA253,A07,4802.779500000001,1532.246,2848.0034690417497,1674.446796441668,-1954.7760309582509,142.200796441668
220104_MIP-064_TRT63_TA253_A08_Amplitude,220104_MIP-064_TRT63_TA253,A08,5003.0895,1526.839,2364.4564253567532,2314.8835050698412,-2638.633074643247,788.0445050698413
220104_MIP-064_TRT63_TA253_A09_Amplitude,220104_MIP-064_TRT63_TA253,A09,5025.6335,1955.9755,2825.203813275992,1669.9454876857687,-2200.4296867240078,-286.03001231423127
220104_MIP-064_TRT63_TA253_A10_Amplitude,220104_MIP-064_TRT63_TA253,A10,5017.7685,1571.431,2207.5980742639604,1763.4372516678472,-2810.1704257360398,192.0062516678472
220104_MIP-064_TRT63_TA253_A11_Amplitude,220104_MIP-064_TRT63_TA253,A11,4902.9445,1553.916,2226.2019603021085,1727.1643445803443,-2676.742539697891,173.24834458034434
220104_MIP-064_TRT63_TA253_A12_Amplitude,220104_MIP-064_TRT63_TA253,A12,4798.415,1384.5259999999998,2826.659539333505,1678.130097642804,-1971.7554606664949,293.60409764280416
220104_MIP-064_TRT63_TA253_B01_Amplitude,220104_MIP-064_TRT63_TA253,B01,4982.147999999999,1528.741,2223.359637751156,1749.8509223336348,-2758.7883622488434,221.1099223336348
220104_MIP-064_TRT63_TA253_B02_Amplitude,220104_MIP-064_TRT63_TA253,B02,4868.653,1470.311,2634.235588375938,1638.2525605541452,-2234.4174116240624,167.94156055414533
220104_MIP-064_TRT63_TA253_B03_Amplitude,220104_MIP-064_TRT63_TA253,B03,3840.736,1160.9030000000002,2628.4877935071113,1391.3883980331348,-1212.2482064928886,230.48539803313452
220104_MIP-064_TRT63_TA253_B04_Amplitude,220104_MIP-064_TRT63_TA253,B04,4999.573,1506.9175,2627.778807327507,1612.9376124384971,-2371.7941926724934,106.02011243849711
220104_MIP-064_TRT63_TA253_B05_Amplitude,220104_MIP-064_TRT63_TA253,B05,4903.7055,1492.8715,2723.6806064689313,1682.9183699876362,-2180.0248935310688,190.04686998763623
220104_MIP-064_TRT63_TA253_B06_Amplitude,220104_MIP-064_TRT63_TA253,B06,4934.709,1441.614,2874.1216406125004,1617.5488047705448,-2060.5873593874994,175.93480477054482
220104_MIP-064_TRT63_TA253_B07_Amplitude,220104_MIP-064_TRT63_TA253,B07,4715.9965,1538.2755,2743.706134261564,1644.5945854271836,-1972.2903657384363,106.31908542718361
220104_MIP-064_TRT63_TA253_B08_Amplitude,220104_MIP-064_TRT63_TA253,B08,4739.75,1453.2695,2811.9819597815103,1559.3087475235122,-1927.7680402184897,106.03924752351213
220104_MIP-064_TRT63_TA253_B09_Amplitude,220104_MIP-064_TRT63_TA253,B09,4983.4235,1514.8195,2815.469172437592,1628.707305582415,-2167.954327562408,113.88780558241501
220104_MIP-064_TRT63_TA253_B10_Amplitude,220104_MIP-064_TRT63_TA253,B10,4977.972,1521.294,2849.042148438827,1591.826988866487,-2128.9298515611727,70.5329888664869
220104_MIP-064_TRT63_TA253_B11_Amplitude,220104_MIP-064_TRT63_TA253,B11,4957.067,1547.9515,2181.1724448853392,1724.2217854098144,-2775.8945551146608,176.2702854098145
220104_MIP-064_TRT63_TA253_B12_Amplitude,220104_MIP-064_TRT63_TA253,B12,5186.4515,1626.822,2222.283074128906,1746.0089065011446,-2964.1684258710943,119.18690650114468
220104_MIP-064_TRT63_TA253_C01_Amplitude,220104_MIP-064_TRT63_TA253,C01,4954.648999999999,1496.3345,2208.7204175385286,1737.988384385471,-2745.928582461471,241.65388438547097
220104_MIP-064_TRT63_TA253_C02_Amplitude,220104_MIP-064_TRT63_TA253,C02,4816.043,1623.8925,2730.637863032438,1618.5762410019029,-2085.4051369675617,-5.316258998097055
220104_MIP-064_TRT63_TA253_C03_Amplitude,220104_MIP-064_TRT63_TA253,C03,4198.825000000001,1183.9930000000002,2877.417900243153,1368.3638869539493,-1321.4070997568479,184.37088695394914
220104_MIP-064_TRT63_TA253_C04_Amplitude,220104_MIP-064_TRT63_TA253,C04,5104.447,1425.4299999999998,2675.4504016689843,1625.188019516257,-2428.996598331016,199.75801951625726
220104_MIP-064_TRT63_TA253_C05_Amplitude,220104_MIP-064_TRT63_TA253,C05,4906.895,1591.23,2823.8485697713722,1572.2818024410992,-2083.046430228628,-18.9481975589008
220104_MIP-064_TRT63_TA253_C06_Amplitude,220104_MIP-064_TRT63_TA253,C06,4772.971,1569.9355,2809.611943727037,1615.1364329315666,-1963.3590562729623,45.20093293156651
220104_MIP-064_TRT63_TA253_C07_Amplitude,220104_MIP-064_TRT63_TA253,C07,4573.6385,1559.5,2739.161074143508,1661.550855250092,-1834.4774258564921,102.0508552500919
220104_MIP-064_TRT63_TA253_C08_Amplitude,220104_MIP-064_TRT63_TA253,C08,4976.0895,1500.906,2810.6982167841547,1621.0402291419107,-2165.3912832158453,120.13422914191074
220104_MIP-064_TRT63_TA253_C09_Amplitude,220104_MIP-064_TRT63_TA253,C09,4868.1015,1483.5375,2845.529839080032,1569.7518562086864,-2022.5716609199676,86.21435620868647
220104_MIP-064_TRT63_TA253_C10_Amplitude,220104_MIP-064_TRT63_TA253,C10,4989.369500000001,1468.424,2811.01826841269,1633.963800742696,-2178.351231587311,165.53980074269612
220104_MIP-064_TRT63_TA253_C11_Amplitude,220104_MIP-064_TRT63_TA253,C11,5547.7745,1608.6165,2757.2325464523547,1626.2498279988192,-2790.541953547646,17.63332799881914
220104_MIP-064_TRT63_TA253_C12_Amplitude,220104_MIP-064_TRT63_TA253,C12,5176.7655,1534.851,2344.331406986601,2411.473171006683,-2832.4340930133994,876.622171006683
220104_MIP-064_TRT63_TA253_D01_Amplitude,220104_MIP-064_TRT63_TA253,D01,4960.42,1575.785,2552.3779532225735,1588.6413409620318,-2408.0420467774265,12.856340962031709
220104_MIP-064_TRT63_TA253_D02_Amplitude,220104_MIP-064_TRT63_TA253,D02,4930.093000000001,1548.26,2210.4876546926243,1732.8470411263154,-2719.6053453073764,184.5870411263154
220104_MIP-064_TRT63_TA253_D03_Amplitude,220104_MIP-064_TRT63_TA253,D03,4705.619000000001,1519.1405,2358.381651359255,2438.0247271147177,-2347.2373486407455,918.8842271147178
220104_MIP-064_TRT63_TA253_D04_Amplitude,220104_MIP-064_TRT63_TA253,D04,4969.338,1524.0545,2751.995326216902,1670.065954095682,-2217.342673783098,146.01145409568198
220104_MIP-064_TRT63_TA253_D05_Amplitude,220104_MIP-064_TRT63_TA253,D05,4999.852,1436.0504999999998,2886.944968341773,1550.0169530256765,-2112.907031658227,113.96645302567663
220104_MIP-064_TRT63_TA253_D06_Amplitude,220104_MIP-064_TRT63_TA253,D06,5020.8285,1450.6205,2889.9969772977993,1517.816455435995,-2130.8315227022003,67.19595543599507
220104_MIP-064_TRT63_TA253_D07_Amplitude,220104_MIP-064_TRT63_TA253,D07,5054.9545,1568.917,2196.5120672571193,1654.2524068822436,-2858.4424327428806,85.33540688224366
220104_MIP-064_TRT63_TA253_D08_Amplitude,220104_MIP-064_TRT63_TA253,D08,4677.219,1753.1419999999998,2807.296983406072,1633.5689517458072,-1869.9220165939282,-119.5730482541926
220104_MIP-064_TRT63_TA253_D09_Amplitude,220104_MIP-064_TRT63_TA253,D09,4849.691000000001,1744.763,2845.4316292776352,1626.0058170431198,-2004.2593707223655,-118.75718295688011
220104_MIP-064_TRT63_TA253_D10_Amplitude,220104_MIP-064_TRT63_TA253,D10,4947.0265,1586.9299999999998,2737.245035986734,1698.337812475583,-2209.781464013266,111.40781247558311
220104_MIP-064_TRT63_TA253_D11_Amplitude,220104_MIP-064_TRT63_TA253,D11,4527.2025,1533.1215000000002,2828.732165647791,1642.5323874325852,-1698.4703343522092,109.41088743258501
220104_MIP-064_TRT63_TA253_D12_Amplitude,220104_MIP-064_TRT63_TA253,D12,5160.884,1586.464,2771.798676807936,1657.5167035221768,-2389.085323192064,71.0527035221769
220104_MIP-064_TRT63_TA253_E01_Amplitude,220104_MIP-064_TRT63_TA253,E01,4980.7725,1539.935,2177.3830303780483,1973.8809335014164,-2803.389469621952,433.94593350141645
220104_MIP-064_TRT63_TA253_E02_Amplitude,220104_MIP-064_TRT63_TA253,E02,5048.48,1511.9585000000002,2625.5270098133287,1621.0944581549304,-2422.952990186671,109.13595815493022
220104_MIP-064_TRT63_TA253_E03_Amplitude,220104_MIP-064_TRT63_TA253,E03,5005.9125,1477.6155,2527.6533488408368,1570.8787598375902,-2478.2591511591636,93.26325983759011
220104_MIP-064_TRT63_TA253_E04_Amplitude,220104_MIP-064_TRT63_TA253,E04,4799.521,1538.7755,2935.3777531377964,1552.9822907910896,-1864.1432468622033,14.206790791089588
220104_MIP-064_TRT63_TA253_E05_Amplitude,220104_MIP-064_TRT63_TA253,E05,4874.52,1527.515,2522.9408509914338,1589.4555504150806,-2351.5791490085667,61.94055041508045
220104_MIP-064_TRT63_TA253_E06_Amplitude,220104_MIP-064_TRT63_TA253,E06,5007.7475,1559.7579999999998,2820.681655296331,1637.678681878266,-2187.0658447036694,77.92068187826612
220104_MIP-064_TRT63_TA253_E07_Amplitude,220104_MIP-064_TRT63_TA253,E07,4848.6365,1502.222,2753.8378092508588,1666.5487893789252,-2094.798690749141,164.32678937892524
220104_MIP-064_TRT63_TA253_E08_Amplitude,220104_MIP-064_TRT63_TA253,E08,5079.152,1187.2900000000002,2915.0601212179567,1421.612396869227,-2164.0918787820433,234.32239686922685
220104_MIP-064_TRT63_TA253_E09_Amplitude,220104_MIP-064_TRT63_TA253,E09,4786.3595000000005,1571.284,2216.228705673775,1820.1622904359654,-2570.1307943262254,248.87829043596525
220104_MIP-064_TRT63_TA253_E10_Amplitude,220104_MIP-064_TRT63_TA253,E10,4853.7925,1566.882,2821.7179449424793,1592.5879177834515,-2032.0745550575202,25.70591778345147
220104_MIP-064_TRT63_TA253_E11_Amplitude,220104_MIP-064_TRT63_TA253,E11,5031.879,1483.9285,2822.5289020319447,1655.9759432039966,-2209.3500979680553,172.04744320399664
220104_MIP-064_TRT63_TA253_E12_Amplitude,220104_MIP-064_TRT63_TA253,E12,5071.6275000000005,1445.9545,2688.8069834528246,1606.409254433213,-2382.820516547176,160.45475443321288
220104_MIP-064_TRT63_TA253_F01_Amplitude,220104_MIP-064_TRT63_TA253,F01,5129.1145,1600.0435,2673.666782837021,1658.226094536758,-2455.4477171629787,58.18259453675796
220104_MIP-064_TRT63_TA253_F02_Amplitude,220104_MIP-064_TRT63_TA253,F02,4849.654,1530.057,2242.773230722055,1656.3309959100488,-2606.8807692779455,126.27399591004882
220104_MIP-064_TRT63_TA253_F03_Amplitude,220104_MIP-064_TRT63_TA253,F03,5007.668,1563.1615000000002,2574.770770334298,1615.6600004142153,-2432.8972296657016,52.49850041421519
220104_MIP-064_TRT63_TA253_F04_Amplitude,220104_MIP-064_TRT63_TA253,F04,4711.068,1448.0565,2789.8254469478256,1568.7985030464201,-1921.2425530521746,120.74200304642022
220104_MIP-064_TRT63_TA253_F05_Amplitude,220104_MIP-064_TRT63_TA253,F05,4557.748,1474.2675,2847.852554900254,1601.8225874411357,-1709.8954450997458,127.55508744113581
220104_MIP-064_TRT63_TA253_F06_Amplitude,220104_MIP-064_TRT63_TA253,F06,5049.889,1503.4165,2780.137143359895,1652.4843670746413,-2269.751856640105,149.0678670746413
220104_MIP-064_TRT63_TA253_F07_Amplitude,220104_MIP-064_TRT63_TA253,F07,5082.455,1512.145,2748.693117510165,1702.3629466834423,-2333.761882489835,190.21794668344228
220104_MIP-064_TRT63_TA253_F08_Amplitude,220104_MIP-064_TRT63_TA253,F08,5055.210999999999,1805.581,2789.3705924118854,1606.5552377522995,-2265.840407588114,-199.0257622477004
220104_MIP-064_TRT63_TA253_F09_Amplitude,220104_MIP-064_TRT63_TA253,F09,5068.021000000001,1517.655,2805.317419448161,1580.7847578414146,-2262.7035805518394,63.12975784141463
220104_MIP-064_TRT63_TA253_F10_Amplitude,220104_MIP-064_TRT63_TA253,F10,5020.811,1499.941,2156.912527660217,1713.096049062066,-2863.8984723397825,213.15504906206593
220104_MIP-064_TRT63_TA253_F11_Amplitude,220104_MIP-064_TRT63_TA253,F11,5147.282999999999,1487.77,2812.555479275902,1629.2893538845792,-2334.7275207240973,141.51935388457923
220104_MIP-064_TRT63_TA253_F12_Amplitude,220104_MIP-064_TRT63_TA253,F12,5326.156,1487.2485,2798.1896025642054,1663.1326199034922,-2527.9663974357945,175.88411990349232
220104_MIP-064_TRT63_TA253_G01_Amplitude,220104_MIP-064_TRT63_TA253,G01,4782.981,1545.2775,2171.5507838727626,1820.0975406705795,-2611.430216127237,274.8200406705796
220104_MIP-064_TRT63_TA253_G02_Amplitude,220104_MIP-064_TRT63_TA253,G02,4471.146500000001,1504.6185,2664.693685753307,1616.2592213322062,-1806.4528142466938,111.64072133220611
220104_MIP-064_TRT63_TA253_G03_Amplitude,220104_MIP-064_TRT63_TA253,G03,4713.998,1517.4720000000002,2136.903869572248,1854.2708099811694,-2577.0941304277517,336.79880998116914
220104_MIP-064_TRT63_TA253_G04_Amplitude,220104_MIP-064_TRT63_TA253,G04,5028.118,1594.29,2801.8039025722396,1604.8327366618428,-2226.3140974277608,10.54273666184281
220104_MIP-064_TRT63_TA253_G05_Amplitude,220104_MIP-064_TRT63_TA253,G05,4997.1935,1532.622,2760.9706832203747,1637.3180012944642,-2236.2228167796256,104.69600129446417
220104_MIP-064_TRT63_TA253_G06_Amplitude,220104_MIP-064_TRT63_TA253,G06,5077.479,1488.0825,2715.8867160675522,1545.0442587049517,-2361.592283932448,56.96175870495176
220104_MIP-064_TRT63_TA253_G07_Amplitude,220104_MIP-064_TRT63_TA253,G07,4626.2525000000005,1562.9565,2888.7056619206805,1591.5852821472579,-1737.54683807932,28.62878214725788
220104_MIP-064_TRT63_TA253_G08_Amplitude,220104_MIP-064_TRT63_TA253,G08,4826.5735,1559.799,2917.9753458857676,1547.3725455230167,-1908.5981541142328,-12.426454476983281
220104_MIP-064_TRT63_TA253_G09_Amplitude,220104_MIP-064_TRT63_TA253,G09,5020.8265,1607.9675,2755.9341013959597,1693.507399094661,-2264.8923986040404,85.539899094661
220104_MIP-064_TRT63_TA253_G10_Amplitude,220104_MIP-064_TRT63_TA253,G10,4803.799000000001,1526.9155,2893.551473796376,1579.5021997983865,-1910.247526203625,52.58669979838646
220104_MIP-064_TRT63_TA253_G11_Amplitude,220104_MIP-064_TRT63_TA253,G11,4860.108,1519.641,2182.9938088427366,1739.333070274112,-2677.1141911572636,219.69207027411198
220104_MIP-064_TRT63_TA253_G12_Amplitude,220104_MIP-064_TRT63_TA253,G12,5046.2905,1585.608,2583.2151361487977,1567.2960006852193,-2463.0753638512024,-18.311999314780678
220104_MIP-064_TRT63_TA253_H01_Amplitude,220104_MIP-064_TRT63_TA253,H01,5029.4145,1496.505,2161.9407005250887,1864.5277545716892,-2867.473799474911,368.0227545716891
220104_MIP-064_TRT63_TA253_H02_Amplitude,220104_MIP-064_TRT63_TA253,H02,4389.5625,1506.134,2758.102086681355,1564.7793237741425,-1631.460413318645,58.645323774142526
220104_MIP-064_TRT63_TA253_H03_Amplitude,220104_MIP-064_TRT63_TA253,H03,4994.322,1357.382,2200.144422066128,1757.438597890638,-2794.1775779338723,400.05659789063793
220104_MIP-064_TRT63_TA253_H04_Amplitude,220104_MIP-064_TRT63_TA253,H04,5006.325500000001,1612.993,2606.780295541162,1622.0554843876232,-2399.5452044588387,9.062484387623272
220104_MIP-064_TRT63_TA253_H05_Amplitude,220104_MIP-064_TRT63_TA253,H05,4644.6725,1449.9255,2809.6114994001364,1612.889654466984,-1835.0610005998633,162.96415446698393
220104_MIP-064_TRT63_TA253_H06_Amplitude,220104_MIP-064_TRT63_TA253,H06,5052.5535,1546.783,2207.5131147149245,1753.0049440745802,-2845.0403852850754,206.22194407458028
220104_MIP-064_TRT63_TA253_H07_Amplitude,220104_MIP-064_TRT63_TA253,H07,4956.0075,1514.537,2794.3397224471846,1635.8448674581311,-2161.667777552815,121.30786745813111
220104_MIP-064_TRT63_TA253_H08_Amplitude,220104_MIP-064_TRT63_TA253,H08,5115.1065,1475.419,2164.7675227859613,1684.7858525767308,-2950.3389772140386,209.3668525767307
220104_MIP-064_TRT63_TA253_H09_Amplitude,220104_MIP-064_TRT63_TA253,H09,5085.6135,1539.412,2800.763765606278,1681.1495308679766,-2284.8497343937224,141.7375308679766
220104_MIP-064_TRT63_TA253_H10_Amplitude,220104_MIP-064_TRT63_TA253,H10,4784.277,1478.016,2955.8595302476915,1543.2885742121032,-1828.4174697523085,65.27257421210311
220104_MIP-064_TRT63_TA253_H11_Amplitude,220104_MIP-064_TRT63_TA253,H11,4833.358,1514.602,2187.88555446781,1731.758003396822,-2645.4724455321902,217.15600339682192
220104_MIP-064_TRT63_TA253_H12_Amplitude,220104_MIP-064_TRT63_TA253,H12,5058.0205000000005,1515.8445000000002,2155.085733212478,1835.7070647447813,-2902.9347667875227,319.86256474478114
220408_MIP-067_FF28_TA274_A01_Amplitude,220408_MIP-067_FF28_TA274,A01,1473.8265,1708.4395,1970.205858807196,1901.672050322169,496.379358807196,193.23255032216912
220408_MIP-067_FF28_TA274_A02_Amplitude,220408_MIP-067_FF28_TA274,A02,1472.8485,1473.5645,2085.6883235679516,1773.8519819770756,612.8398235679515,300.2874819770757
220408_MIP-067_FF28_TA274_A03_Amplitude,220408_MIP-067_FF28_TA274,A03,1473.3845,1308.9015,1987.7846004026576,1867.8072169829863,514.4001004026577,558.9057169829864
220408_MIP-067_FF28_TA274_A04_Amplitude,220408_MIP-067_FF28_TA274,A04,1473.3595,2456.9385,1929.88905309458,1820.064610818305,456.52955309458,-636.8738891816952
220408_MIP-067_FF28_TA274_A05_Amplitude,220408_MIP-067_FF28_TA274,A05,1473.952,1328.002,2089.7617816082716,1353.2864404697968,615.8097816082716,25.28444046979689
220408_MIP-067_FF28_TA274_A06_Amplitude,220408_MIP-067_FF28_TA274,A06,1473.3105,1929.406,2080.624066836689,1454.0562913733156,607.313566836689,-475.34970862668433
220408_MIP-067_FF28_TA274_A07_Amplitude,220408_MIP-067_FF28_TA274,A07,1473.889,1517.118,1972.4790509600016,1872.9011984214292,498.5900509600017,355.78319842142923
220408_MIP-067_FF28_TA274_A08_Amplitude,220408_MIP-067_FF28_TA274,A08,1474.352,1527.375,2055.505761982637,1445.6770628683664,581.153761982637,-81.69793713163358
220408_MIP-067_FF28_TA274_A09_Amplitude,220408_MIP-067_FF28_TA274,A09,1475.087,1457.5065,2115.8540670673115,1374.3819772353954,640.7670670673115,-83.12452276460454
220408_MIP-067_FF28_TA274_A10_Amplitude,220408_MIP-067_FF28_TA274,A10,1473.8705,1495.853,2098.4515743533416,1471.2708913039644,624.5810743533416,-24.582108696035675
220408_MIP-067_FF28_TA274_A11_Amplitude,220408_MIP-067_FF28_TA274,A11,1473.2,2339.252,1938.0602622715942,1966.700104158189,464.86026227159414,-372.55189584181085
220408_MIP-067_FF28_TA274_A12_Amplitude,220408_MIP-067_FF28_TA274,A12,1473.6525,1576.4865,1635.5920189272767,1662.349091952451,161.93951892727682,85.86259195245111
220408_MIP-067_FF28_TA274_B01_Amplitude,220408_MIP-067_FF28_TA274,B01,1472.7579999999998,1485.929,2062.691448012677,1526.2458227212692,589.9334480126772,40.31682272126909
220408_MIP-067_FF28_TA274_B02_Amplitude,220408_MIP-067_FF28_TA274,B02,1473.822,2298.8465,1995.2499545549858,1890.2075378287213,521.427954554986,-408.63896217127876
220408_MIP-067_FF28_TA274_B03_Amplitude,220408_MIP-067_FF28_TA274,B03,1472.7115,1363.735,1938.7200001982676,1442.8308414611022,466.0085001982677,79.09584146110228
220408_MIP-067_FF28_TA274_B04_Amplitude,220408_MIP-067_FF28_TA274,B04,1473.659,1367.8835,1878.750944774354,1775.4794598321075,405.0919447743538,407.5959598321076
220408_MIP-067_FF28_TA274_B05_Amplitude,220408_MIP-067_FF28_TA274,B05,1473.777,2331.1555,1889.7210033054394,1780.5290390619368,415.9440033054393,-550.626460938063
220408_MIP-067_FF28_TA274_B06_Amplitude,220408_MIP-067_FF28_TA274,B06,1473.4845,1487.745,1939.99256325215,1311.8799311471416,466.5080632521499,-175.86506885285826
220408_MIP-067_FF28_TA274_B07_Amplitude,220408_MIP-067_FF28_TA274,B07,1473.975,1201.4320000000002,2092.145226827004,1177.1774819284717,618.1702268270042,-24.254518071528537
220408_MIP-067_FF28_TA274_B08_Amplitude,220408_MIP-067_FF28_TA274,B08,1473.7885,1298.8770000000002,1786.3709179865814,1328.8376442479096,312.5824179865813,29.960644247909386
220408_MIP-067_FF28_TA274_B09_Amplitude,220408_MIP-067_FF28_TA274,B09,1474.4635,1702.154,2087.293868842078,1466.1359012692117,612.8303688420781,-236.01809873078832
220408_MIP-067_FF28_TA274_B10_Amplitude,220408_MIP-067_FF28_TA274,B10,1473.5815,1342.177,1477.3711453842982,1353.3233459575806,3.7896453842981828,11.146345957580706
220408_MIP-067_FF28_TA274_B11_Amplitude,220408_MIP-067_FF28_TA274,B11,1473.8995,1554.2205,1893.3902218356066,1776.5661860087387,419.49072183560656,222.34568600873877
220408_MIP-067_FF28_TA274_B12_Amplitude,220408_MIP-067_FF28_TA274,B12,1473.9485,1247.9730000000002,1294.1421145765796,1215.5991147062234,-179.80638542342035,-32.373885293776766
220408_MIP-067_FF28_TA274_C01_Amplitude,220408_MIP-067_FF28_TA274,C01,1471.872,1309.2140000000002,2078.950397944341,1285.359733852293,607.0783979443411,-23.85426614770722
220408_MIP-067_FF28_TA274_C02_Amplitude,220408_MIP-067_FF28_TA274,C02,1474.9825,1027.7090000000003,2097.403568664694,1158.0644608755495,622.4210686646938,130.35546087554917
220408_MIP-067_FF28_TA274_C03_Amplitude,220408_MIP-067_FF28_TA274,C03,1473.755,1638.087,1826.0375850736891,1758.7527071292031,352.282585073689,120.66570712920316
220408_MIP-067_FF28_TA274_C04_Amplitude,220408_MIP-067_FF28_TA274,C04,1473.924,1093.9020000000005,2085.685917387373,1136.2421459648576,611.7619173873732,42.34014596485713
220408_MIP-067_FF28_TA274_C05_Amplitude,220408_MIP-067_FF28_TA274,C05,1473.7105,988.4805,1429.4345463297318,1196.198139605759,-44.27595367026811,207.71763960575902
220408_MIP-067_FF28_TA274_C06_Amplitude,220408_MIP-067_FF28_TA274,C06,1473.678,1999.153,2004.3030404479318,1413.8660332600132,530.6250404479317,-585.2869667399868
220408_MIP-067_FF28_TA274_C07_Amplitude,220408_MIP-067_FF28_TA274,C07,1473.6175,1196.3900000000003,1894.4622584810816,1253.1239129221024,420.8447584810815,56.733912922102036
220408_MIP-067_FF28_TA274_C08_Amplitude,220408_MIP-067_FF28_TA274,C08,1473.731,1338.9990000000005,1640.9915078950667,1282.3329011304515,167.26050789506667,-56.66609886954893
220408_MIP-067_FF28_TA274_C09_Amplitude,220408_MIP-067_FF28_TA274,C09,1472.058,1128.2750000000003,2095.4669703988457,1160.440441871,623.4089703988457,32.16544187099976
220408_MIP-067_FF28_TA274_C10_Amplitude,220408_MIP-067_FF28_TA274,C10,1473.5569999999998,1393.8874999999998,2065.009084661231,1351.5669654583303,591.4520846612313,-42.32053454166953
220408_MIP-067_FF28_TA274_C11_Amplitude,220408_MIP-067_FF28_TA274,C11,1473.7185,1421.4570000000003,2046.5706931524514,1241.2223265314722,572.8521931524515,-180.23467346852817
220408_MIP-067_FF28_TA274_C12_Amplitude,220408_MIP-067_FF28_TA274,C12,1474.106,1432.2645000000002,1620.331334144185,1579.2324208839761,146.2253341441849,146.96792088397592
220408_MIP-067_FF28_TA274_D01_Amplitude,220408_MIP-067_FF28_TA274,D01,1474.668,1620.552,2080.288802539591,1514.3847549148084,605.6208025395911,-106.16724508519155
220408_MIP-067_FF28_TA274_D02_Amplitude,220408_MIP-067_FF28_TA274,D02,1473.917,1570.5905,2112.1450060218344,1348.5773183639242,638.2280060218345,-222.01318163607584
220408_MIP-067_FF28_TA274_D03_Amplitude,220408_MIP-067_FF28_TA274,D03,1474.658,1089.062,2063.111040772682,1141.2518528310686,588.453040772682,52.18985283106872
220408_MIP-067_FF28_TA274_D04_Amplitude,220408_MIP-067_FF28_TA274,D04,1472.544,1312.8050000000003,2086.024807290893,1209.9947108349431,613.4808072908929,-102.81028916505716
220408_MIP-067_FF28_TA274_D05_Amplitude,220408_MIP-067_FF28_TA274,D05,1472.8005,1472.3719999999998,2132.3754293870215,1396.6956060326834,659.5749293870215,-75.67639396731647
220408_MIP-067_FF28_TA274_D06_Amplitude,220408_MIP-067_FF28_TA274,D06,1473.692,1097.4120000000005,2097.046300523034,1142.7366063506574,623.354300523034,45.32460635065695
220408_MIP-067_FF28_TA274_D07_Amplitude,220408_MIP-067_FF28_TA274,D07,1473.5839999999998,1287.023,1862.851966878174,1705.94957245938,389.2679668781741,418.92657245938017
220408_MIP-067_FF28_TA274_D08_Amplitude,220408_MIP-067_FF28_TA274,D08,1473.96,959.9479,2059.4222989524137,1118.0585011822009,585.4622989524137,158.11060118220087
220408_MIP-067_FF28_TA274_D09_Amplitude,220408_MIP-067_FF28_TA274,D09,1473.3325,1042.8590000000002,2092.563001975073,1147.0514148263521,619.2305019750729,104.19241482635198
220408_MIP-067_FF28_TA274_D10_Amplitude,220408_MIP-067_FF28_TA274,D10,1473.848,1542.8539999999998,2056.697397577805,1909.2636974953487,582.8493975778051,366.40969749534884
220408_MIP-067_FF28_TA274_D11_Amplitude,220408_MIP-067_FF28_TA274,D11,1473.634,1458.561,1524.0916474085334,1915.2529300350027,50.457647408533376,456.69193003500277
220408_MIP-067_FF28_TA274_D12_Amplitude,220408_MIP-067_FF28_TA274,D12,1473.593,2152.12,1535.05330151815,1563.6254298908905,61.46030151814989,-588.4945701091094
220408_MIP-067_FF28_TA274_E01_Amplitude,220408_MIP-067_FF28_TA274,E01,1473.651,2283.3405,1898.8065291276155,1811.5874508366387,425.1555291276154,-471.7530491633611
220408_MIP-067_FF28_TA274_E02_Amplitude,220408_MIP-067_FF28_TA274,E02,1474.307,2281.174,1933.2576110710197,1846.113575513008,458.9506110710197,-435.0604244869919
220408_MIP-067_FF28_TA274_E03_Amplitude,220408_MIP-067_FF28_TA274,E03,1473.505,1802.049,1973.4349885288568,1770.8255847182002,499.9299885288567,-31.223415281799817
220408_MIP-067_FF28_TA274_E04_Amplitude,220408_MIP-067_FF28_TA274,E04,1473.7025,1428.3660000000002,2092.6182263843752,1273.1387127742112,618.9157263843751,-155.22728722578904
220408_MIP-067_FF28_TA274_E05_Amplitude,220408_MIP-067_FF28_TA274,E05,1473.7475,1209.4500000000005,1751.3058281334806,1230.2462749929462,277.5583281334807,20.796274992945655
220408_MIP-067_FF28_TA274_E06_Amplitude,220408_MIP-067_FF28_TA274,E06,1473.2424999999998,1522.0827,1837.3252554473397,1735.177849557898,364.0827554473399,213.09514955789814
220408_MIP-067_FF28_TA274_E07_Amplitude,220408_MIP-067_FF28_TA274,E07,1473.8475,1277.4060000000002,2067.51570779453,1198.2525667964692,593.66820779453,-79.153433203531
220408_MIP-067_FF28_TA274_E08_Amplitude,220408_MIP-067_FF28_TA274,E08,1473.8895,2529.339,1694.8857257551954,1663.3800989135427,220.99622575519538,-865.9589010864572
220408_MIP-067_FF28_TA274_E09_Amplitude,220408_MIP-067_FF28_TA274,E09,1473.1985,2318.038,1889.1074292553815,1768.1077550763061,415.9089292553815,-549.9302449236939
220408_MIP-067_FF28_TA274_E10_Amplitude,220408_MIP-067_FF28_TA274,E10,1473.617,1385.808,1862.0709452363394,1619.8586257242114,388.45394523633945,234.0506257242114
220408_MIP-067_FF28_TA274_E11_Amplitude,220408_MIP-067_FF28_TA274,E11,1473.71,1469.036,2088.634930132108,1364.9921568993345,614.9249301321079,-104.04384310066553
220408_MIP-067_FF28_TA274_E12_Amplitude,220408_MIP-067_FF28_TA274,E12,1473.3995,1401.1985,1666.731781165725,1533.9475797796426,193.3322811657249,132.74907977964267
220408_MIP-067_FF28_TA274_F01_Amplitude,220408_MIP-067_FF28_TA274,F01,1473.0365,1802.3635,2017.4187579992656,1638.117440554671,544.3822579992657,-164.2460594453289
220408_MIP-067_FF28_TA274_F02_Amplitude,220408_MIP-067_FF28_TA274,F02,1473.289,1500.01,2079.184887809976,1537.593015584339,605.8958878099759,37.58301558433891
220408_MIP-067_FF28_TA274_F03_Amplitude,220408_MIP-067_FF28_TA274,F03,1473.9035,1413.9630000000002,1832.398640380429,1786.693895585441,358.4951403804291,372.73089558544075
220408_MIP-067_FF28_TA274_F04_Amplitude,220408_MIP-067_FF28_TA274,F04,1473.8,1593.993,2072.6099424603035,1482.430161715508,598.8099424603035,-111.56283828449205
220408_MIP-067_FF28_TA274_F05_Amplitude,220408_MIP-067_FF28_TA274,F05,1473.464,1330.94055,2057.8194423515483,1431.1733128125063,584.3554423515484,100.23276281250628
220408_MIP-067_FF28_TA274_F06_Amplitude,220408_MIP-067_FF28_TA274,F06,1473.7975,1098.6900000000005,2098.602068197393,1141.3169648585904,624.8045681973929,42.62696485858987
220408_MIP-067_FF28_TA274_F07_Amplitude,220408_MIP-067_FF28_TA274,F07,1473.7695,1937.6155,1899.9642840620397,1575.8418421510548,426.1947840620396,-361.7736578489453
220408_MIP-067_FF28_TA274_F08_Amplitude,220408_MIP-067_FF28_TA274,F08,1472.812,1054.8970000000002,1978.0131776920566,1145.4979249715007,505.2011776920567,90.60092497150049
220408_MIP-067_FF28_TA274_F09_Amplitude,220408_MIP-067_FF28_TA274,F09,1474.206,2121.9705,1783.8477557083208,1704.200873564292,309.64175570832094,-417.769626435708
220408_MIP-067_FF28_TA274_F10_Amplitude,220408_MIP-067_FF28_TA274,F10,1472.493,1375.063,2097.889751756898,1502.9434257611917,625.3967517568981,127.88042576119165
220408_MIP-067_FF28_TA274_F11_Amplitude,220408_MIP-067_FF28_TA274,F11,1476.4355,1042.0960000000002,1455.4087370075038,1296.5978101823764,-21.026762992496288,254.50181018237618
220408_MIP-067_FF28_TA274_F12_Amplitude,220408_MIP-067_FF28_TA274,F12,1472.4955,1531.697,1756.340620007932,1832.7914909863443,283.8451200079321,301.09449098634445
220408_MIP-067_FF28_TA274_G01_Amplitude,220408_MIP-067_FF28_TA274,G01,1472.903,1549.9175,2083.7129726883304,1709.2075612188207,610.8099726883304,159.2900612188207
220408_MIP-067_FF28_TA274_G02_Amplitude,220408_MIP-067_FF28_TA274,G02,1474.1205,1779.9985,2081.1600034661315,1442.5311731597865,607.0395034661315,-337.46732684021345
220408_MIP-067_FF28_TA274_G03_Amplitude,220408_MIP-067_FF28_TA274,G03,1598.949,1371.6940000000002,1372.6141402647208,1499.0061623374265,-226.33485973527922,127.31216233742634
220408_MIP-067_FF28_TA274_G04_Amplitude,220408_MIP-067_FF28_TA274,G04,1477.2665,1629.717,1849.515789412859,1799.2201150764208,372.24928941285907,169.50311507642073
220408_MIP-067_FF28_TA274_G05_Amplitude,220408_MIP-067_FF28_TA274,G05,1474.0594999999998,1535.1864999999998,1991.5888548879113,1815.13928989641,517.5293548879115,279.9527898964102
220408_MIP-067_FF28_TA274_G06_Amplitude,220408_MIP-067_FF28_TA274,G06,1474.1075,1142.0680000000002,2082.677248362353,1159.0786939787513,608.569748362353,17.01069397875108
220408_MIP-067_FF28_TA274_G07_Amplitude,220408_MIP-067_FF28_TA274,G07,1473.3075,1359.16825,2008.480890450087,1432.427290286455,535.173390450087,73.25904028645505
220408_MIP-067_FF28_TA274_G08_Amplitude,220408_MIP-067_FF28_TA274,G08,1473.1695,2072.9285,1891.2253154747928,1747.3076468906481,418.0558154747928,-325.62085310935186
220408_MIP-067_FF28_TA274_G09_Amplitude,220408_MIP-067_FF28_TA274,G09,1473.3585,1355.7875,2039.2731355768728,1440.9099102546054,565.9146355768728,85.12241025460548
220408_MIP-067_FF28_TA274_G10_Amplitude,220408_MIP-067_FF28_TA274,G10,1473.6885,1529.2330000000002,2108.635038005817,1459.6595159260285,634.946538005817,-69.57348407397171
220408_MIP-067_FF28_TA274_G11_Amplitude,220408_MIP-067_FF28_TA274,G11,1476.5775,1881.3545,2067.292019455263,1506.2147067376188,590.7145194552629,-375.1397932623811
220408_MIP-067_FF28_TA274_G12_Amplitude,220408_MIP-067_FF28_TA274,G12,1473.684,1593.3115,1689.7100717703913,1558.4596410203665,216.02607177039135,-34.85185897963356
220408_MIP-067_FF28_TA274_H01_Amplitude,220408_MIP-067_FF28_TA274,H01,1473.65,1174.677,2033.9182755734032,1224.5491254150027,560.2682755734031,49.872125415002756
220408_MIP-067_FF28_TA274_H02_Amplitude,220408_MIP-067_FF28_TA274,H02,1472.953,1477.2765,1996.1047576340727,1394.6376897436649,523.1517576340727,-82.63881025633509
220408_MIP-067_FF28_TA274_H03_Amplitude,220408_MIP-067_FF28_TA274,H03,1426.8865,1442.7905,1501.0707975572761,1900.8694407373766,74.18429755727607,458.07894073737657
220408_MIP-067_FF28_TA274_H04_Amplitude,220408_MIP-067_FF28_TA274,H04,1473.342,1515.33,1629.7050834458228,1639.5475127040027,156.36308344582267,124.21751270400273
220408_MIP-067_FF28_TA274_H05_Amplitude,220408_MIP-067_FF28_TA274,H05,1473.323,1508.597,1775.3409707449941,1876.965434380462,302.01797074499405,368.3684343804621
220408_MIP-067_FF28_TA274_H06_Amplitude,220408_MIP-067_FF28_TA274,H06,1415.3649999999998,1523.77,1579.1863985404914,1809.837596365166,163.8213985404916,286.0675963651661
220408_MIP-067_FF28_TA274_H07_Amplitude,220408_MIP-067_FF28_TA274,H07,1473.578,1480.64,2135.678513701659,1331.3628028993503,662.1005137016591,-149.2771971006498
220408_MIP-067_FF28_TA274_H08_Amplitude,220408_MIP-067_FF28_TA274,H08,1473.4155,1451.3925,1842.6646319019576,1611.3929011351636,369.2491319019575,160.00040113516366
220408_MIP-067_FF28_TA274_H09_Amplitude,220408_MIP-067_FF28_TA274,H09,1473.2305,1412.284,1468.5281163053205,1400.7333588076078,-4.7023836946793836,-11.550641192392277
220408_MIP-067_FF28_TA274_H10_Amplitude,220408_MIP-067_FF28_TA274,H10,1473.4715,1425.565,2119.1581245706184,1283.4912796381316,645.6866245706183,-142.07372036186848
220408_MIP-067_FF28_TA274_H11_Amplitude,220408_MIP-067_FF28_TA274,H11,1473.414,1606.098,1962.6139850966779,1849.8862726262219,489.1999850966779,243.7882726262219
220408_MIP-067_FF28_TA274_H12_Amplitude,220408_MIP-067_FF28_TA274,H12,1438.509,1138.5850000000005,1299.9601320245172,1160.137068862956,-138.54886797548284,21.552068862955593
220215_MIP069_TRT19_TA284_A01_Amplitude,220215_MIP069_TRT19_TA284,A01,2693.755,5724.9025,2487.962970156835,4985.6492896968375,-205.79202984316498,-739.2532103031626
220215_MIP069_TRT19_TA284_A02_Amplitude,220215_MIP069_TRT19_TA284,A02,2552.748,5308.8405,2594.165241079242,4982.699994268592,41.4172410792421,-326.14050573140867
220215_MIP069_TRT19_TA284_A03_Amplitude,220215_MIP069_TRT19_TA284,A03,2679.0925,4599.985,2519.6657068228074,4763.3391482513225,-159.42679317719285,163.35414825132284
220215_MIP069_TRT19_TA284_A04_Amplitude,220215_MIP069_TRT19_TA284,A04,2605.8215,4181.0295,2599.372353603537,4543.568959251758,-6.44914639646322,362.5394592517587
220215_MIP069_TRT19_TA284_A05_Amplitude,220215_MIP069_TRT19_TA284,A05,2676.2925,4118.610000000001,2578.304455641171,3811.9304138410535,-97.98804435882903,-306.67958615894713
220215_MIP069_TRT19_TA284_A06_Amplitude,220215_MIP069_TRT19_TA284,A06,2749.839,4654.29,2707.546045461173,4682.072742078957,-42.29295453882696,27.7827420789572
220215_MIP069_TRT19_TA284_A07_Amplitude,220215_MIP069_TRT19_TA284,A07,2708.0765,6151.5135,2675.988312875136,5350.44473443565,-32.08818712486391,-801.0687655643496
220215_MIP069_TRT19_TA284_A08_Amplitude,220215_MIP069_TRT19_TA284,A08,2674.458,4580.6845,2653.5338849267214,5246.502699577695,-20.9241150732787,665.8181995776949
220215_MIP069_TRT19_TA284_A09_Amplitude,220215_MIP069_TRT19_TA284,A09,2583.5665,4034.132000000001,2662.635092659557,4006.1865502438327,79.068592659557,-27.945449756168273
220215_MIP069_TRT19_TA284_A10_Amplitude,220215_MIP069_TRT19_TA284,A10,2866.5035,4234.482,2689.594149104709,4594.208961608718,-176.90935089529103,359.72696160871783
220215_MIP069_TRT19_TA284_A11_Amplitude,220215_MIP069_TRT19_TA284,A11,2742.722,5689.9935,2689.726747860829,5269.6862064538245,-52.99525213917104,-420.30729354617506
220215_MIP069_TRT19_TA284_A12_Amplitude,220215_MIP069_TRT19_TA284,A12,2708.642,4692.6775,2714.925589831436,4934.345344725424,6.283589831436075,241.6678447254244
220215_MIP069_TRT19_TA284_B01_Amplitude,220215_MIP069_TRT19_TA284,B01,2661.019,3508.313000000001,2804.5223425703043,3531.777625185334,143.50334257030454,23.464625185332807
220215_MIP069_TRT19_TA284_B02_Amplitude,220215_MIP069_TRT19_TA284,B02,2664.2945,4259.133000000001,2611.146378570584,4163.166111125403,-53.14812142941582,-95.96688887459732
220215_MIP069_TRT19_TA284_B03_Amplitude,220215_MIP069_TRT19_TA284,B03,2687.1525,4689.91,2561.4762291791553,4898.800909065474,-125.67627082084482,208.89090906547426
220215_MIP069_TRT19_TA284_B04_Amplitude,220215_MIP069_TRT19_TA284,B04,2693.5545,4249.602,2554.728869481459,4948.989617873097,-138.8256305185414,699.387617873097
220215_MIP069_TRT19_TA284_B05_Amplitude,220215_MIP069_TRT19_TA284,B05,2644.9935,3926.7890000000007,2607.599602426844,3942.6703136732644,-37.39389757315621,15.881313673263776
220215_MIP069_TRT19_TA284_B06_Amplitude,220215_MIP069_TRT19_TA284,B06,2653.95,4149.3395,2603.8076407176677,4434.860044725103,-50.14235928233211,285.5205447251028
220215_MIP069_TRT19_TA284_B07_Amplitude,220215_MIP069_TRT19_TA284,B07,2092.3710000000005,3495.8410000000003,2515.9613200375175,3463.671083406252,423.5903200375169,-32.16991659374844
220215_MIP069_TRT19_TA284_B08_Amplitude,220215_MIP069_TRT19_TA284,B08,2663.954,3554.6510000000003,2584.376218261729,3573.7480798236925,-79.57778173827137,19.097079823692184
220215_MIP069_TRT19_TA284_B09_Amplitude,220215_MIP069_TRT19_TA284,B09,2651.191,4389.369000000001,2608.8548831497133,4659.401346921804,-42.336116850286544,270.03234692180376
220215_MIP069_TRT19_TA284_B10_Amplitude,220215_MIP069_TRT19_TA284,B10,2650.894,4690.1455000000005,2649.0757119140517,4639.777839736653,-1.8182880859480974,-50.367660263347716
220215_MIP069_TRT19_TA284_B11_Amplitude,220215_MIP069_TRT19_TA284,B11,2690.231,4168.916,2681.7977942754324,4642.657916196924,-8.43320572456787,473.74191619692374
220215_MIP069_TRT19_TA284_B12_Amplitude,220215_MIP069_TRT19_TA284,B12,2733.3215,4647.7915,2600.232105255944,4961.075041324628,-133.08939474405588,313.28354132462755
220215_MIP069_TRT19_TA284_C01_Amplitude,220215_MIP069_TRT19_TA284,C01,2708.384,3411.8810000000003,2592.4644903182266,3287.1265810264217,-115.91950968177343,-124.7544189735786
220215_MIP069_TRT19_TA284_C02_Amplitude,220215_MIP069_TRT19_TA284,C02,2663.7835,4453.233,2322.511642797167,4167.957775762826,-341.27185720283296,-285.27522423717437
220215_MIP069_TRT19_TA284_C03_Amplitude,220215_MIP069_TRT19_TA284,C03,2656.673,6351.333,2229.626126073533,4225.718211616095,-427.04687392646656,-2125.614788383905
220215_MIP069_TRT19_TA284_C04_Amplitude,220215_MIP069_TRT19_TA284,C04,2607.8165,3486.423,2590.072895316066,3478.1938205010038,-17.74360468393388,-8.229179498996018
220215_MIP069_TRT19_TA284_C05_Amplitude,220215_MIP069_TRT19_TA284,C05,2673.5460000000003,3836.3470000000007,2526.011075849457,3692.5694004713714,-147.53492415054325,-143.77759952862925
220215_MIP069_TRT19_TA284_C06_Amplitude,220215_MIP069_TRT19_TA284,C06,2660.1555,4527.014499999999,2648.8464707852186,4832.97007957368,-11.309029214781276,305.95557957368055
220215_MIP069_TRT19_TA284_C07_Amplitude,220215_MIP069_TRT19_TA284,C07,2650.115,3620.624,2192.7178002236337,3402.6043803177954,-457.39719977636605,-218.0196196822044
220215_MIP069_TRT19_TA284_C08_Amplitude,220215_MIP069_TRT19_TA284,C08,2629.8465,4407.5070000000005,2465.8341834422818,3923.9815889730003,-164.01231655771835,-483.52541102700025
220215_MIP069_TRT19_TA284_C09_Amplitude,220215_MIP069_TRT19_TA284,C09,2666.349,4489.215,2581.44050842567,5080.981442578571,-84.90849157433013,591.7664425785706
220215_MIP069_TRT19_TA284_C10_Amplitude,220215_MIP069_TRT19_TA284,C10,2665.009,4286.019,2584.5250366194387,4538.670425977189,-80.48396338056136,252.6514259771884
220215_MIP069_TRT19_TA284_C11_Amplitude,220215_MIP069_TRT19_TA284,C11,2662.367,4452.52,2590.9815392138817,5316.465650929382,-71.38546078611853,863.9456509293814
220215_MIP069_TRT19_TA284_C12_Amplitude,220215_MIP069_TRT19_TA284,C12,2791.1725,4376.941,2726.638468948413,4647.112475328959,-64.53403105158714,270.1714753289589
220215_MIP069_TRT19_TA284_D01_Amplitude,220215_MIP069_TRT19_TA284,D01,2689.2035,4579.7885,2561.6057243691826,4638.200119006537,-127.59777563081752,58.41161900653697
220215_MIP069_TRT19_TA284_D02_Amplitude,220215_MIP069_TRT19_TA284,D02,2660.051,4371.4145,2442.0219559185907,3754.0638054134242,-218.0290440814092,-617.3506945865756
220215_MIP069_TRT19_TA284_D03_Amplitude,220215_MIP069_TRT19_TA284,D03,2685.522,3544.6030000000005,2405.707135473281,3409.49648480593,-279.8148645267188,-135.10651519407065
220215_MIP069_TRT19_TA284_D04_Amplitude,220215_MIP069_TRT19_TA284,D04,2694.6725,4729.4825,2437.4585183098498,4191.725459766931,-257.2139816901504,-537.7570402330693
220215_MIP069_TRT19_TA284_D05_Amplitude,220215_MIP069_TRT19_TA284,D05,2595.0295,4428.279500000001,2546.6269965131773,4663.8065844904595,-48.40250348682275,235.52708449045895
220215_MIP069_TRT19_TA284_D06_Amplitude,220215_MIP069_TRT19_TA284,D06,2685.8900000000003,3769.843,2644.116477156385,3748.8881417126504,-41.77352284361541,-20.954858287349452
220215_MIP069_TRT19_TA284_D07_Amplitude,220215_MIP069_TRT19_TA284,D07,2679.141,4213.408000000001,2587.09720905911,3944.0502049806823,-92.04379094089018,-269.3577950193189
220215_MIP069_TRT19_TA284_D08_Amplitude,220215_MIP069_TRT19_TA284,D08,2705.8590000000004,4073.0230000000006,2279.964310734644,3495.2413430313914,-425.8946892653562,-577.7816569686092
220215_MIP069_TRT19_TA284_D09_Amplitude,220215_MIP069_TRT19_TA284,D09,2622.687,3643.634000000001,2599.2982137406666,3632.2503842307447,-23.3887862593333,-11.383615769256267
220215_MIP069_TRT19_TA284_D10_Amplitude,220215_MIP069_TRT19_TA284,D10,2658.254,4350.481000000001,2589.3140580613317,4204.937528896251,-68.9399419386682,-145.54347110374965
220215_MIP069_TRT19_TA284_D11_Amplitude,220215_MIP069_TRT19_TA284,D11,2672.6865,4266.976000000001,2700.244063980832,4798.486965222987,27.55756398083213,531.5109652229867
220215_MIP069_TRT19_TA284_D12_Amplitude,220215_MIP069_TRT19_TA284,D12,2679.442,5398.2555,2715.3867976136785,4879.20912297723,35.944797613678475,-519.0463770227698
220215_MIP069_TRT19_TA284_E01_Amplitude,220215_MIP069_TRT19_TA284,E01,2648.1465,4033.3275,2557.241047797538,4772.120841295341,-90.90545220246167,738.7933412953412
220215_MIP069_TRT19_TA284_E02_Amplitude,220215_MIP069_TRT19_TA284,E02,2663.281,3919.433,2617.095666939709,3922.9284885226293,-46.18533306029076,3.49548852262933
220215_MIP069_TRT19_TA284_E03_Amplitude,220215_MIP069_TRT19_TA284,E03,2662.248,4726.44,2602.1124681989545,4796.3004914306,-60.135531801045545,69.86049143060063
220215_MIP069_TRT19_TA284_E04_Amplitude,220215_MIP069_TRT19_TA284,E04,2670.0855,3665.882000000001,2594.115072161413,3528.999038365667,-75.97042783858706,-136.88296163433415
220215_MIP069_TRT19_TA284_E05_Amplitude,220215_MIP069_TRT19_TA284,E05,2673.972,4493.6675,2301.443258581022,3914.7315397174552,-372.52874141897837,-578.9359602825443
220215_MIP069_TRT19_TA284_E06_Amplitude,220215_MIP069_TRT19_TA284,E06,2637.6130000000003,4193.672500000001,2567.4672559233413,4386.322454447959,-70.14574407665896,192.6499544479584
220215_MIP069_TRT19_TA284_E07_Amplitude,220215_MIP069_TRT19_TA284,E07,2661.0835,4229.0815,2641.2278015137103,4590.967396851457,-19.85569848628984,361.8858968514569
220215_MIP069_TRT19_TA284_E08_Amplitude,220215_MIP069_TRT19_TA284,E08,2726.007,3560.2140000000004,2654.062879059601,3545.398061243616,-71.94412094039899,-14.815938756384185
220215_MIP069_TRT19_TA284_E09_Amplitude,220215_MIP069_TRT19_TA284,E09,2601.03,4395.563000000001,2689.1234377237733,4182.569795348549,88.09343772377315,-212.9932046514523
220215_MIP069_TRT19_TA284_E10_Amplitude,220215_MIP069_TRT19_TA284,E10,2705.48,4569.237499999999,2636.0180137594357,5018.924453317077,-69.46198624056433,449.6869533170775
220215_MIP069_TRT19_TA284_E11_Amplitude,220215_MIP069_TRT19_TA284,E11,2644.0955,3979.22,2658.1080733253793,3975.9319439178325,14.012573325379435,-3.288056082167259
220215_MIP069_TRT19_TA284_E12_Amplitude,220215_MIP069_TRT19_TA284,E12,2712.2275,4600.555,2685.1212756765417,4625.699362259964,-27.106224323458264,25.1443622599636
220215_MIP069_TRT19_TA284_F01_Amplitude,220215_MIP069_TRT19_TA284,F01,2653.1935000000003,3670.986,2632.194884154767,3590.3752745881447,-20.998615845233417,-80.61072541185513
220215_MIP069_TRT19_TA284_F02_Amplitude,220215_MIP069_TRT19_TA284,F02,2670.922,4480.734,2652.046186002929,4473.453759159634,-18.875813997070964,-7.280240840366787
220215_MIP069_TRT19_TA284_F03_Amplitude,220215_MIP069_TRT19_TA284,F03,2675.545,4738.9565,2495.010262561824,4231.534051735662,-180.53473743817585,-507.4224482643385
220215_MIP069_TRT19_TA284_F04_Amplitude,220215_MIP069_TRT19_TA284,F04,2701.1245,3567.3920000000003,2579.057092155109,3546.015176009351,-122.06740784489102,-21.376823990649427
220215_MIP069_TRT19_TA284_F05_Amplitude,220215_MIP069_TRT19_TA284,F05,2663.5545,4411.554,2446.851729405666,4167.802303370668,-216.7027705943342,-243.7516966293324
220215_MIP069_TRT19_TA284_F06_Amplitude,220215_MIP069_TRT19_TA284,F06,2622.172,3927.323,2684.031282078842,3931.1685045637823,61.85928207884217,3.8455045637824696
220215_MIP069_TRT19_TA284_F07_Amplitude,220215_MIP069_TRT19_TA284,F07,2121.5900000000006,3998.188000000001,2572.6283303684636,3963.163377763668,451.038330368463,-35.024622236333016
220215_MIP069_TRT19_TA284_F08_Amplitude,220215_MIP069_TRT19_TA284,F08,2655.4105,4427.8895,2564.4159604340543,4827.735299331083,-90.99453956594562,399.8457993310831
220215_MIP069_TRT19_TA284_F09_Amplitude,220215_MIP069_TRT19_TA284,F09,2661.15,4643.485000000001,2424.4433150569994,4341.037029157513,-236.7066849430007,-302.44797084248785
220215_MIP069_TRT19_TA284_F10_Amplitude,220215_MIP069_TRT19_TA284,F10,2648.7115000000003,4695.301,2579.5905825617783,4647.76754255898,-69.12091743822202,-47.5334574410208
220215_MIP069_TRT19_TA284_F11_Amplitude,220215_MIP069_TRT19_TA284,F11,2662.152,3897.440000000001,2656.5848367767917,3887.212226828459,-5.567163223208354,-10.22777317154214
220215_MIP069_TRT19_TA284_F12_Amplitude,220215_MIP069_TRT19_TA284,F12,2709.0905,4311.2815,2705.6893894410623,4675.016341714692,-3.4011105589374893,363.73484171469227
220215_MIP069_TRT19_TA284_G01_Amplitude,220215_MIP069_TRT19_TA284,G01,2706.228,5268.4955,2571.5164667969516,4954.498785454376,-134.71153320304848,-313.99671454562395
220215_MIP069_TRT19_TA284_G02_Amplitude,220215_MIP069_TRT19_TA284,G02,2641.504,5607.0495,2523.719795593029,5308.842903128879,-117.78420440697073,-298.2065968711213
220215_MIP069_TRT19_TA284_G03_Amplitude,220215_MIP069_TRT19_TA284,G03,2631.007,4758.9195,2609.769252824719,4854.85754283649,-21.23774717528113,95.93804283649024
220215_MIP069_TRT19_TA284_G04_Amplitude,220215_MIP069_TRT19_TA284,G04,2661.776,4045.665,2664.8154385680737,4018.859605333273,3.0394385680738196,-26.805394666726897
220215_MIP069_TRT19_TA284_G05_Amplitude,220215_MIP069_TRT19_TA284,G05,2674.5595000000003,5062.575,2562.918432533099,5298.416884880638,-111.6410674669014,235.84188488063774
220215_MIP069_TRT19_TA284_G06_Amplitude,220215_MIP069_TRT19_TA284,G06,2684.142,5259.1075,2665.6142856806,4973.628663618412,-18.52771431939982,-285.4788363815878
220215_MIP069_TRT19_TA284_G07_Amplitude,220215_MIP069_TRT19_TA284,G07,2658.9505,4563.343,2596.1177886010114,4784.903312067142,-62.83271139898852,221.56031206714215
220215_MIP069_TRT19_TA284_G08_Amplitude,220215_MIP069_TRT19_TA284,G08,2656.519,4782.045,2669.9368521164147,4686.450415028685,13.417852116414906,-95.59458497131527
220215_MIP069_TRT19_TA284_G09_Amplitude,220215_MIP069_TRT19_TA284,G09,2602.156,4752.1775,2637.946677329139,4850.997485338066,35.79067732913927,98.81998533806654
220215_MIP069_TRT19_TA284_G10_Amplitude,220215_MIP069_TRT19_TA284,G10,2658.922,4685.773499999999,2250.383086387215,5043.222880631846,-408.5389136127851,357.4493806318469
220215_MIP069_TRT19_TA284_G11_Amplitude,220215_MIP069_TRT19_TA284,G11,2642.0545,5027.1185000000005,2719.265733647501,4904.51314210173,77.21123364750065,-122.60535789827009
220215_MIP069_TRT19_TA284_G12_Amplitude,220215_MIP069_TRT19_TA284,G12,2698.2355,4788.3355,2727.9728493715293,4680.875849945121,29.73734937152949,-107.4596500548787
220215_MIP069_TRT19_TA284_H01_Amplitude,220215_MIP069_TRT19_TA284,H01,2591.2345,5302.1355,2571.5811487973497,5134.118801769479,-19.653351202650356,-168.0166982305209
220215_MIP069_TRT19_TA284_H02_Amplitude,220215_MIP069_TRT19_TA284,H02,2620.181,4953.303,2671.3118063587376,5187.567487873774,51.13080635873757,234.26448787377376
220215_MIP069_TRT19_TA284_H03_Amplitude,220215_MIP069_TRT19_TA284,H03,2661.5375000000004,4834.938,2619.4633175947256,4985.442797182441,-42.07418240527477,150.5047971824406
220215_MIP069_TRT19_TA284_H04_Amplitude,220215_MIP069_TRT19_TA284,H04,2646.733,4999.4265,2629.0824034566303,4905.464063701672,-17.65059654336983,-93.9624362983277
220215_MIP069_TRT19_TA284_H05_Amplitude,220215_MIP069_TRT19_TA284,H05,2732.894,4367.688000000001,2666.4296082159412,4219.733066328037,-66.46439178405853,-147.95493367196377
220215_MIP069_TRT19_TA284_H06_Amplitude,220215_MIP069_TRT19_TA284,H06,2752.0855,3697.025000000001,2703.3820704378077,3663.3285144350943,-48.70342956219247,-33.69648556490665
220215_MIP069_TRT19_TA284_H07_Amplitude,220215_MIP069_TRT19_TA284,H07,2649.165,6063.4355,2687.6023081829458,5386.170354927488,38.4373081829458,-677.2651450725116
220215_MIP069_TRT19_TA284_H08_Amplitude,220215_MIP069_TRT19_TA284,H08,2682.187,4227.3535,2703.9387735728965,4971.420879767807,21.75177357289658,744.0673797678064
220215_MIP069_TRT19_TA284_H09_Amplitude,220215_MIP069_TRT19_TA284,H09,2689.197,4622.6305,2662.0444867521205,4586.083764152599,-27.152513247879597,-36.54673584740158
220215_MIP069_TRT19_TA284_H10_Amplitude,220215_MIP069_TRT19_TA284,H10,2628.354,4717.615,2686.551635897413,4601.497573149393,58.197635897412965,-116.11742685060653
220215_MIP069_TRT19_TA284_H11_Amplitude,220215_MIP069_TRT19_TA284,H11,2659.324,4261.1085,2683.911722285158,4864.539823473163,24.587722285157724,603.4313234731626
220215_MIP069_TRT19_TA284_H12_Amplitude,220215_MIP069_TRT19_TA284,H12,2748.0365,4225.089000000001,2668.6900036999555,4207.464531163466,-79.34649630004469,-17.624468836535016
221220_MIP081_ao05_454_20221220_175216_526_A01_Amplitude,221220_MIP081_ao05_454_20221220_175216_526,A01,1454.9785,2230.7605,1807.2412574648981,2237.4406025813996,352.2627574648982,6.680102581399751
221220_MIP081_ao05_454_20221220_175216_526_A02_Amplitude,221220_MIP081_ao05_454_20221220_175216_526,A02,1465.8435,2173.64,1577.1480739936153,2260.988511642234,111.30457399361535,87.34851164223392
221220_MIP081_ao05_454_20221220_175216_526_A03_Amplitude,221220_MIP081_ao05_454_20221220_175216_526,A03,1788.4545,1767.112,1096.1941043944225,1416.15085863541,-692.2603956055775,-350.96114136459005
221220_MIP081_ao05_454_20221220_175216_526_A04_Amplitude,221220_MIP081_ao05_454_20221220_175216_526,A04,1462.451,2371.815,1541.7256535239376,2618.02966926083,79.27465352393756,246.21466926082985
221220_MIP081_ao05_454_20221220_175216_526_A05_Amplitude,221220_MIP081_ao05_454_20221220_175216_526,A05,1463.632,2820.2745,1604.9343534955653,2598.3342973802987,141.30235349556528,-221.94020261970127
221220_MIP081_ao05_454_20221220_175216_526_A06_Amplitude,221220_MIP081_ao05_454_20221220_175216_526,A06,1473.3885,2493.1890000000003,1617.3673018681832,2533.923939383805,143.97880186818315,40.734939383804885
221220_MIP081_ao05_454_20221220_175216_526_A07_Amplitude,221220_MIP081_ao05_454_20221220_175216_526,A07,1468.306,2992.2735,1619.2975390360903,2605.1207223377473,150.99153903609022,-387.15277766225245
221220_MIP081_ao05_454_20221220_175216_526_A08_Amplitude,221220_MIP081_ao05_454_20221220_175216_526,A08,1466.587,2920.4615000000003,1602.1874979795823,2492.8768453740745,135.60049797958231,-427.58465462592585
221220_MIP081_ao05_454_20221220_175216_526_A09_Amplitude,221220_MIP081_ao05_454_20221220_175216_526,A09,1461.236,2848.1105,1595.0637374760836,2469.777432819449,133.82773747608348,-378.33306718055064
221220_MIP081_ao05_454_20221220_175216_526_A10_Amplitude,221220_MIP081_ao05_454_20221220_175216_526,A10,1458.761,2638.6005,1586.2730145665869,2654.657643728633,127.51201456658691,16.057143728633037
221220_MIP081_ao05_454_20221220_175216_526_A11_Amplitude,221220_MIP081_ao05_454_20221220_175216_526,A11,1463.8185,2213.827,1530.6242591929392,2596.0405183937287,66.80575919293915,382.21351839372846
221220_MIP081_ao05_454_20221220_175216_526_A12_Amplitude,221220_MIP081_ao05_454_20221220_175216_526,A12,1467.4395,3031.795,1632.5195691602646,2811.8496394429117,165.08006916026466,-219.9453605570884
221220_MIP081_ao05_454_20221220_175216_526_B01_Amplitude,221220_MIP081_ao05_454_20221220_175216_526,B01,1458.9215,2404.3905,1660.3412374247575,2498.8503225286267,201.4197374247576,94.45982252862677
221220_MIP081_ao05_454_20221220_175216_526_B02_Amplitude,221220_MIP081_ao05_454_20221220_175216_526,B02,1447.9065,2431.071,1628.1808174721748,2601.1499535676526,180.27431747217474,170.07895356765266
221220_MIP081_ao05_454_20221220_175216_526_B03_Amplitude,221220_MIP081_ao05_454_20221220_175216_526,B03,920.9223,1775.0304999999998,1115.7260922114613,1497.216740361198,194.8037922114613,-277.8137596388019
221220_MIP081_ao05_454_20221220_175216_526_B04_Amplitude,221220_MIP081_ao05_454_20221220_175216_526,B04,1460.0685,2023.071,1584.2121130387627,2485.6599957753565,124.14361303876262,462.5889957753566
221220_MIP081_ao05_454_20221220_175216_526_B05_Amplitude,221220_MIP081_ao05_454_20221220_175216_526,B05,1466.2105,2561.544,1487.5512485412514,2492.314338833994,21.340748541251514,-69.22966116600583
221220_MIP081_ao05_454_20221220_175216_526_B06_Amplitude,221220_MIP081_ao05_454_20221220_175216_526,B06,1459.4265,2750.186,1530.1870628142374,2507.1882867338873,70.76056281423735,-242.9977132661129
221220_MIP081_ao05_454_20221220_175216_526_B07_Amplitude,221220_MIP081_ao05_454_20221220_175216_526,B07,1459.1675,2435.256,1587.12528606863,2684.9338548955843,127.95778606862996,249.67785489558446
221220_MIP081_ao05_454_20221220_175216_526_B08_Amplitude,221220_MIP081_ao05_454_20221220_175216_526,B08,1463.153,2050.028,1582.576273012376,2459.773503935863,119.42327301237606,409.7455039358633
221220_MIP081_ao05_454_20221220_175216_526_B09_Amplitude,221220_MIP081_ao05_454_20221220_175216_526,B09,1463.6555,2847.295,1502.052800448223,2546.972163045211,38.39730044822295,-300.3228369547892
221220_MIP081_ao05_454_20221220_175216_526_B10_Amplitude,221220_MIP081_ao05_454_20221220_175216_526,B10,1464.683,2645.802,1704.0540715902348,2900.5182070997776,239.3710715902348,254.71620709977742
221220_MIP081_ao05_454_20221220_175216_526_B11_Amplitude,221220_MIP081_ao05_454_20221220_175216_526,B11,1464.1725,2468.0095,1494.4387673226104,2486.8581629477794,30.266267322610474,18.848662947779303
221220_MIP081_ao05_454_20221220_175216_526_B12_Amplitude,221220_MIP081_ao05_454_20221220_175216_526,B12,1464.63,1516.6340000000002,1344.2167271696653,1436.683417443418,-120.41327283033479,-79.95058255658228
221220_MIP081_ao05_454_20221220_175216_526_C01_Amplitude,221220_MIP081_ao05_454_20221220_175216_526,C01,1465.788,3185.181,1607.564810564593,2510.1869983113093,141.776810564593,-674.9940016886908
221220_MIP081_ao05_454_20221220_175216_526_C02_Amplitude,221220_MIP081_ao05_454_20221220_175216_526,C02,1460.0455000000002,2249.8575,1546.2202205671813,2564.044009651474,86.17472056718111,314.1865096514739
221220_MIP081_ao05_454_20221220_175216_526_C03_Amplitude,221220_MIP081_ao05_454_20221220_175216_526,C03,1306.1595,1985.4195,1471.632869442452,1971.715693552421,165.47336944245194,-13.703806447578927
221220_MIP081_ao05_454_20221220_175216_526_C04_Amplitude,221220_MIP081_ao05_454_20221220_175216_526,C04,1459.885,2469.2395,1512.976878669608,2511.9036348885606,53.09187866960792,42.66413488856051
221220_MIP081_ao05_454_20221220_175216_526_C05_Amplitude,221220_MIP081_ao05_454_20221220_175216_526,C05,1461.1675,2838.657,1544.3553501358233,2378.6374109848625,83.18785013582328,-460.0195890151376
221220_MIP081_ao05_454_20221220_175216_526_C06_Amplitude,221220_MIP081_ao05_454_20221220_175216_526,C06,1462.547,3062.938,1551.8768549957683,2670.5576873922114,89.3298549957683,-392.3803126077887
221220_MIP081_ao05_454_20221220_175216_526_C07_Amplitude,221220_MIP081_ao05_454_20221220_175216_526,C07,1463.6844999999998,2014.8575,1407.5902361536116,2454.851066127821,-56.09426384638823,439.99356612782094
221220_MIP081_ao05_454_20221220_175216_526_C08_Amplitude,221220_MIP081_ao05_454_20221220_175216_526,C08,1464.2175,2243.0685000000003,1552.7356915083185,2383.8239998876757,88.51819150831852,140.75549988767534
221220_MIP081_ao05_454_20221220_175216_526_C09_Amplitude,221220_MIP081_ao05_454_20221220_175216_526,C09,1463.7085,2074.4515,1509.674361554127,2268.585908708702,45.96586155412706,194.1344087087018
221220_MIP081_ao05_454_20221220_175216_526_C10_Amplitude,221220_MIP081_ao05_454_20221220_175216_526,C10,1465.733,2649.8805,1605.545762503997,2609.429869170829,139.81276250399696,-40.45063082917113
221220_MIP081_ao05_454_20221220_175216_526_C11_Amplitude,221220_MIP081_ao05_454_20221220_175216_526,C11,1464.207,2725.7275,1615.9474932312698,2529.5141225952907,151.74049323126974,-196.21337740470926
221220_MIP081_ao05_454_20221220_175216_526_C12_Amplitude,221220_MIP081_ao05_454_20221220_175216_526,C12,1454.6915,2797.397,1737.0085766395841,2961.6723387993343,282.31707663958423,164.27533879933435
221220_MIP081_ao05_454_20221220_175216_526_D01_Amplitude,221220_MIP081_ao05_454_20221220_175216_526,D01,1468.841,2027.738,1593.3147743679663,2456.124178623685,124.47377436796637,428.38617862368505
221220_MIP081_ao05_454_20221220_175216_526_D02_Amplitude,221220_MIP081_ao05_454_20221220_175216_526,D02,1468.0749999999998,2246.348,1619.454653171853,2517.456598214419,151.37965317185308,271.1085982144191
221220_MIP081_ao05_454_20221220_175216_526_D03_Amplitude,221220_MIP081_ao05_454_20221220_175216_526,D03,1460.8425,2287.1285,1505.5851644309432,2480.031943186562,44.74266443094325,192.90344318656207
221220_MIP081_ao05_454_20221220_175216_526_D04_Amplitude,221220_MIP081_ao05_454_20221220_175216_526,D04,1461.2815,2512.365,1542.3573367790557,2509.7421287196144,81.07583677905563,-2.622871280385425
221220_MIP081_ao05_454_20221220_175216_526_D05_Amplitude,221220_MIP081_ao05_454_20221220_175216_526,D05,1465.2655,3741.487,1496.182871082964,2583.84245911368,30.91737108296411,-1157.64454088632
221220_MIP081_ao05_454_20221220_175216_526_D06_Amplitude,221220_MIP081_ao05_454_20221220_175216_526,D06,1461.493,2826.212,1568.3630047705647,2683.753121704841,106.87000477056472,-142.45887829515914
221220_MIP081_ao05_454_20221220_175216_526_D07_Amplitude,221220_MIP081_ao05_454_20221220_175216_526,D07,1458.8345,1984.2565,1517.927016785436,2599.6232066102184,59.092516785436146,615.3667066102184
221220_MIP081_ao05_454_20221220_175216_526_D08_Amplitude,221220_MIP081_ao05_454_20221220_175216_526,D08,1463.3775,1982.097,1495.3345137162976,2537.7176292955746,31.957013716297524,555.6206292955746
221220_MIP081_ao05_454_20221220_175216_526_D09_Amplitude,221220_MIP081_ao05_454_20221220_175216_526,D09,1463.6295,2918.9285,1528.7176979702654,2466.548184845723,65.08819797026536,-452.380315154277
221220_MIP081_ao05_454_20221220_175216_526_D10_Amplitude,221220_MIP081_ao05_454_20221220_175216_526,D10,1465.295,3513.57,1528.6524752343043,2467.6555635911227,63.357475234304275,-1045.9144364088775
221220_MIP081_ao05_454_20221220_175216_526_D11_Amplitude,221220_MIP081_ao05_454_20221220_175216_526,D11,1462.115,2319.765,1504.597876239044,2524.172100100079,42.48287623904389,204.40710010007933
221220_MIP081_ao05_454_20221220_175216_526_D12_Amplitude,221220_MIP081_ao05_454_20221220_175216_526,D12,1455.7565,2859.636,1635.3181345593277,2652.446641153664,179.56163455932779,-207.18935884633584
221220_MIP081_ao05_454_20221220_175216_526_E01_Amplitude,221220_MIP081_ao05_454_20221220_175216_526,E01,1465.085,3070.446,1672.8439346208243,2514.1617400064215,207.75893462082422,-556.2842599935784
221220_MIP081_ao05_454_20221220_175216_526_E02_Amplitude,221220_MIP081_ao05_454_20221220_175216_526,E02,1469.217,2665.396,1677.7329698714323,2377.0608195593663,208.51596987143216,-288.33518044063385
221220_MIP081_ao05_454_20221220_175216_526_E03_Amplitude,221220_MIP081_ao05_454_20221220_175216_526,E03,1460.2795,2288.2645,1615.406232138953,2631.970386595689,155.126732138953,343.70588659568875
221220_MIP081_ao05_454_20221220_175216_526_E04_Amplitude,221220_MIP081_ao05_454_20221220_175216_526,E04,1462.6464999999998,2270.9475,1605.9079550946315,2672.688871899002,143.26145509463163,401.74137189900193
221220_MIP081_ao05_454_20221220_175216_526_E05_Amplitude,221220_MIP081_ao05_454_20221220_175216_526,E05,1462.568,3158.5795,1546.0131239233774,2634.0646456848062,83.44512392337742,-524.5148543151936
221220_MIP081_ao05_454_20221220_175216_526_E06_Amplitude,221220_MIP081_ao05_454_20221220_175216_526,E06,1469.7510000000002,2467.2535,1419.0110424025127,2388.901670441963,-50.739957597487546,-78.35182955803702
221220_MIP081_ao05_454_20221220_175216_526_E07_Amplitude,221220_MIP081_ao05_454_20221220_175216_526,E07,1461.281,2022.4795,1561.9950804020034,2567.2983515959977,100.71408040200345,544.8188515959978
221220_MIP081_ao05_454_20221220_175216_526_E08_Amplitude,221220_MIP081_ao05_454_20221220_175216_526,E08,1461.819,2549.2395,1575.398572206837,2520.4109198339893,113.57957220683693,-28.828580166010852
221220_MIP081_ao05_454_20221220_175216_526_E09_Amplitude,221220_MIP081_ao05_454_20221220_175216_526,E09,1460.6245,2019.1205,1599.4537965938691,2525.032233299634,138.82929659386923,505.91173329963385
221220_MIP081_ao05_454_20221220_175216_526_E10_Amplitude,221220_MIP081_ao05_454_20221220_175216_526,E10,1465.1005,2388.2605000000003,1630.7210234478866,2768.3355420448443,165.62052344788663,380.07504204484394
221220_MIP081_ao05_454_20221220_175216_526_E11_Amplitude,221220_MIP081_ao05_454_20221220_175216_526,E11,1456.925,2309.856,1645.883225627817,2467.9412615905526,188.958225627817,158.08526159055236
221220_MIP081_ao05_454_20221220_175216_526_E12_Amplitude,221220_MIP081_ao05_454_20221220_175216_526,E12,1465.1595,2997.5785,1715.4133664117305,2785.114031244707,250.25386641173054,-212.46446875529318
221220_MIP081_ao05_454_20221220_175216_526_F01_Amplitude,221220_MIP081_ao05_454_20221220_175216_526,F01,1452.8465,2291.4835000000003,1761.4586122492726,2406.991081365832,308.6121122492725,115.50758136583181
221220_MIP081_ao05_454_20221220_175216_526_F02_Amplitude,221220_MIP081_ao05_454_20221220_175216_526,F02,1461.049,2346.0950000000003,1696.8392582980189,2413.209892933969,235.7902582980189,67.1148929339688
221220_MIP081_ao05_454_20221220_175216_526_F03_Amplitude,221220_MIP081_ao05_454_20221220_175216_526,F03,1456.6895,2390.8265,1553.7627985320196,2383.3096389361854,97.07329853201963,-7.516861063814758
221220_MIP081_ao05_454_20221220_175216_526_F04_Amplitude,221220_MIP081_ao05_454_20221220_175216_526,F04,1463.0585,2505.5475,1490.5314803982535,2529.2009453556007,27.472980398253412,23.653445355600525
221220_MIP081_ao05_454_20221220_175216_526_F05_Amplitude,221220_MIP081_ao05_454_20221220_175216_526,F05,1464.1129999999998,2534.4475,1488.5128610455547,2518.2115144828977,24.39986104555487,-16.235985517102563
221220_MIP081_ao05_454_20221220_175216_526_F06_Amplitude,221220_MIP081_ao05_454_20221220_175216_526,F06,1461.647,2325.356,1371.8291023105037,1925.5671692261571,-89.81789768949625,-399.7888307738431
221220_MIP081_ao05_454_20221220_175216_526_F07_Amplitude,221220_MIP081_ao05_454_20221220_175216_526,F07,1463.442,2503.1345,1466.3972765132044,2619.0319542984334,2.9552765132043533,115.89745429843333
221220_MIP081_ao05_454_20221220_175216_526_F08_Amplitude,221220_MIP081_ao05_454_20221220_175216_526,F08,1463.5395,2535.2065,1511.1203527717714,2623.9202044025924,47.58085277177133,88.71370440259261
221220_MIP081_ao05_454_20221220_175216_526_F09_Amplitude,221220_MIP081_ao05_454_20221220_175216_526,F09,1463.286,2249.5145,1569.577252104059,2480.5631708299825,106.29125210405891,231.04867082998226
221220_MIP081_ao05_454_20221220_175216_526_F10_Amplitude,221220_MIP081_ao05_454_20221220_175216_526,F10,1460.1260000000002,2881.9145,1490.1986463147914,2611.2916760249236,30.0726463147912,-270.62282397507624
221220_MIP081_ao05_454_20221220_175216_526_F11_Amplitude,221220_MIP081_ao05_454_20221220_175216_526,F11,1464.6265,2634.156,1524.9649161965049,2459.4762106093585,60.338416196504795,-174.67978939064142
221220_MIP081_ao05_454_20221220_175216_526_F12_Amplitude,221220_MIP081_ao05_454_20221220_175216_526,F12,1468.652,2189.653,1588.84376682565,2508.923814966901,120.19176682564989,319.27081496690107
221220_MIP081_ao05_454_20221220_175216_526_G01_Amplitude,221220_MIP081_ao05_454_20221220_175216_526,G01,1457.0,2064.897,1654.8826818454406,2473.8949885089633,197.88268184544063,408.9979885089633
221220_MIP081_ao05_454_20221220_175216_526_G02_Amplitude,221220_MIP081_ao05_454_20221220_175216_526,G02,1458.644,2746.446,1559.5396950269665,2481.3799254517553,100.89569502696645,-265.0660745482446
221220_MIP081_ao05_454_20221220_175216_526_G03_Amplitude,221220_MIP081_ao05_454_20221220_175216_526,G03,1461.7605,2205.712,1569.6117159565963,2444.9498874057317,107.8512159565962,239.23788740573173
221220_MIP081_ao05_454_20221220_175216_526_G04_Amplitude,221220_MIP081_ao05_454_20221220_175216_526,G04,1465.7875,2856.085,1607.2817370474759,2700.5133036781626,141.49423704747596,-155.5716963218374
221220_MIP081_ao05_454_20221220_175216_526_G05_Amplitude,221220_MIP081_ao05_454_20221220_175216_526,G05,1458.6775,2732.5405,1575.3387358733976,2405.5079340989478,116.66123587339757,-327.0325659010523
221220_MIP081_ao05_454_20221220_175216_526_G06_Amplitude,221220_MIP081_ao05_454_20221220_175216_526,G06,1461.969,2419.403,1607.2983175048462,2394.361896699176,145.32931750484613,-25.04110330082358
221220_MIP081_ao05_454_20221220_175216_526_G07_Amplitude,221220_MIP081_ao05_454_20221220_175216_526,G07,1456.0275,2217.5020000000004,1612.1341887167946,2595.3759383093043,156.10668871679468,377.87393830930387
221220_MIP081_ao05_454_20221220_175216_526_G08_Amplitude,221220_MIP081_ao05_454_20221220_175216_526,G08,1450.5700000000002,2723.588,1609.0885032414155,2574.3652010904257,158.51850324141537,-149.22279890957452
221220_MIP081_ao05_454_20221220_175216_526_G09_Amplitude,221220_MIP081_ao05_454_20221220_175216_526,G09,1462.734,2525.5305,1493.6524912394325,2399.2629816794915,30.91849123943257,-126.26751832050832
221220_MIP081_ao05_454_20221220_175216_526_G10_Amplitude,221220_MIP081_ao05_454_20221220_175216_526,G10,1467.899,2303.8605,1620.3054605051243,2629.7528168290632,152.40646050512441,325.8923168290635
221220_MIP081_ao05_454_20221220_175216_526_G11_Amplitude,221220_MIP081_ao05_454_20221220_175216_526,G11,1462.4875,2128.2905,1576.8046880885408,2458.4792746469643,114.31718808854089,330.18877464696425
221220_MIP081_ao05_454_20221220_175216_526_G12_Amplitude,221220_MIP081_ao05_454_20221220_175216_526,G12,1460.358,2525.772,1576.825438858653,2476.158136900775,116.46743885865294,-49.613863099225
221220_MIP081_ao05_454_20221220_175216_526_H01_Amplitude,221220_MIP081_ao05_454_20221220_175216_526,H01,1474.2379999999998,2534.9305,1641.8665888119328,2454.1118380488924,167.628588811933,-80.81866195110752
221220_MIP081_ao05_454_20221220_175216_526_H02_Amplitude,221220_MIP081_ao05_454_20221220_175216_526,H02,1456.5575,2514.6040000000003,1628.839518570465,2423.4260575626113,172.2820185704652,-91.17794243738899
221220_MIP081_ao05_454_20221220_175216_526_H03_Amplitude,221220_MIP081_ao05_454_20221220_175216_526,H03,1465.1145,2190.352,1658.12919707087,2634.2936928167387,193.01469707087017,443.94169281673885
221220_MIP081_ao05_454_20221220_175216_526_H04_Amplitude,221220_MIP081_ao05_454_20221220_175216_526,H04,1460.6305000000002,2696.4585,1628.3064720534373,2522.6080941782707,167.67597205343714,-173.8504058217295
221220_MIP081_ao05_454_20221220_175216_526_H05_Amplitude,221220_MIP081_ao05_454_20221220_175216_526,H05,1468.6815,2933.0095,1583.979827815648,2620.5860329552743,115.29832781564801,-312.42346704472584
221220_MIP081_ao05_454_20221220_175216_526_H06_Amplitude,221220_MIP081_ao05_454_20221220_175216_526,H06,1468.391,2316.3770000000004,1658.0551706937,2484.5734581087836,189.66417069369982,168.1964581087832
221220_MIP081_ao05_454_20221220_175216_526_H07_Amplitude,221220_MIP081_ao05_454_20221220_175216_526,H07,1463.9975,2590.608,1600.7252658055836,2575.4481543618463,136.72776580558366,-15.15984563815391
221220_MIP081_ao05_454_20221220_175216_526_H08_Amplitude,221220_MIP081_ao05_454_20221220_175216_526,H08,1464.829,2282.4575,1604.8414860269042,2586.2526691670414,140.0124860269043,303.7951691670414
221220_MIP081_ao05_454_20221220_175216_526_H09_Amplitude,221220_MIP081_ao05_454_20221220_175216_526,H09,1467.5025,2268.7855,1621.6347474432941,2616.6094285983795,154.1322474432941,347.82392859837955
221220_MIP081_ao05_454_20221220_175216_526_H10_Amplitude,221220_MIP081_ao05_454_20221220_175216_526,H10,1460.8874999999998,2495.228,1613.4011645669293,2736.7868953940647,152.5136645669295,241.55889539406462
221220_MIP081_ao05_454_20221220_175216_526_H11_Amplitude,221220_MIP081_ao05_454_20221220_175216_526,H11,1474.4085,2383.075,1737.8648624702569,2503.9888009769948,263.45636247025686,120.91380097699493
221220_MIP081_ao05_454_20221220_175216_526_H12_Amplitude,221220_MIP081_ao05_454_20221220_175216_526,H12,1451.38,2350.437,1592.3222735179747,2575.9210704183965,140.94227351797463,225.48407041839664
220531_MIP-082-MC_TRT76_TA341_A01_Amplitude,220531_MIP-082-MC_TRT76_TA341,A01,3027.333,3456.527,2564.3334648348327,2939.6348251016666,-462.99953516516734,-516.8921748983335
220531_MIP-082-MC_TRT76_TA341_A02_Amplitude,220531_MIP-082-MC_TRT76_TA341,A02,3134.8845,1875.5825,2571.9533902630733,2579.7894097682974,-562.9311097369268,704.2069097682975
220531_MIP-082-MC_TRT76_TA341_A03_Amplitude,220531_MIP-082-MC_TRT76_TA341,A03,3202.874,1772.7145,2358.2847796361057,2462.8047663908965,-844.5892203638941,690.0902663908964
220531_MIP-082-MC_TRT76_TA341_A04_Amplitude,220531_MIP-082-MC_TRT76_TA341,A04,3034.4815,2010.718,2244.3676335774544,2326.0083102476797,-790.1138664225455,315.2903102476796
220531_MIP-082-MC_TRT76_TA341_A05_Amplitude,220531_MIP-082-MC_TRT76_TA341,A05,3243.5935,2370.0345,2333.5436279463393,2520.070320631359,-910.0498720536607,150.035820631359
220531_MIP-082-MC_TRT76_TA341_A06_Amplitude,220531_MIP-082-MC_TRT76_TA341,A06,3059.6015,1881.729,2454.344250390857,2657.6258370301816,-605.2572496091434,775.8968370301816
220531_MIP-082-MC_TRT76_TA341_A07_Amplitude,220531_MIP-082-MC_TRT76_TA341,A07,3117.8215,2210.1425,2363.370939790596,2477.5501752849723,-754.4505602094041,267.40767528497236
220531_MIP-082-MC_TRT76_TA341_A08_Amplitude,220531_MIP-082-MC_TRT76_TA341,A08,3130.2075,2055.0305,2528.708866300594,2532.5401248927506,-601.4986336994061,477.5096248927507
220531_MIP-082-MC_TRT76_TA341_A09_Amplitude,220531_MIP-082-MC_TRT76_TA341,A09,3018.1915,1781.7345,2521.6058419925193,2552.6670666038704,-496.58565800748056,770.9325666038703
220531_MIP-082-MC_TRT76_TA341_A10_Amplitude,220531_MIP-082-MC_TRT76_TA341,A10,3209.826,1883.9935,2486.353302755467,2756.1039147956126,-723.4726972445328,872.1104147956125
220531_MIP-082-MC_TRT76_TA341_A11_Amplitude,220531_MIP-082-MC_TRT76_TA341,A11,3103.1195,1874.855,2121.0819539190584,1789.8658036283107,-982.0375460809414,-84.98919637168933
220531_MIP-082-MC_TRT76_TA341_A12_Amplitude,220531_MIP-082-MC_TRT76_TA341,A12,3136.8925,2732.1385,2467.985767757936,2535.959004868669,-668.9067322420638,-196.1794951313309
220531_MIP-082-MC_TRT76_TA341_B01_Amplitude,220531_MIP-082-MC_TRT76_TA341,B01,3228.779,1908.494,2389.311700625147,2471.8001093205953,-839.4672993748532,563.3061093205954
220531_MIP-082-MC_TRT76_TA341_B02_Amplitude,220531_MIP-082-MC_TRT76_TA341,B02,3291.503,1826.2395,2344.8774495269313,2368.556419498581,-946.6255504730689,542.316919498581
220531_MIP-082-MC_TRT76_TA341_B03_Amplitude,220531_MIP-082-MC_TRT76_TA341,B03,3081.507,2081.4,2362.248267931557,2469.6956742310845,-719.2587320684429,388.2956742310844
220531_MIP-082-MC_TRT76_TA341_B04_Amplitude,220531_MIP-082-MC_TRT76_TA341,B04,2956.019,2028.1695,2146.2593158606974,1948.8658191742613,-809.7596841393024,-79.30368082573864
220531_MIP-082-MC_TRT76_TA341_B05_Amplitude,220531_MIP-082-MC_TRT76_TA341,B05,3338.379,2045.9355,2343.7398992684994,2394.843517609195,-994.6391007315005,348.90801760919476
220531_MIP-082-MC_TRT76_TA341_B06_Amplitude,220531_MIP-082-MC_TRT76_TA341,B06,2978.527,1965.765,2154.256118071773,1817.8160421398393,-824.270881928227,-147.94895786016082
220531_MIP-082-MC_TRT76_TA341_B07_Amplitude,220531_MIP-082-MC_TRT76_TA341,B07,3062.4315,1979.7075,2246.7255703258493,2320.1736818647732,-815.7059296741509,340.46618186477326
220531_MIP-082-MC_TRT76_TA341_B08_Amplitude,220531_MIP-082-MC_TRT76_TA341,B08,3075.13,1861.0525,2351.0478092294484,2419.003365470397,-724.0821907705517,557.950865470397
220531_MIP-082-MC_TRT76_TA341_B09_Amplitude,220531_MIP-082-MC_TRT76_TA341,B09,2941.739,1862.9565,2346.594731602239,2358.9684621699093,-595.1442683977612,496.01196216990934
220531_MIP-082-MC_TRT76_TA341_B10_Amplitude,220531_MIP-082-MC_TRT76_TA341,B10,2979.806,1820.6845,2156.9449293749294,2016.6876049310217,-822.8610706250706,196.00310493102165
220531_MIP-082-MC_TRT76_TA341_B11_Amplitude,220531_MIP-082-MC_TRT76_TA341,B11,3066.132,1701.501,2353.4505280377534,2402.92373690612,-712.6814719622466,701.4227369061202
220531_MIP-082-MC_TRT76_TA341_B12_Amplitude,220531_MIP-082-MC_TRT76_TA341,B12,2976.9155,2812.344,2275.8843052743964,2325.8776640445158,-701.0311947256037,-486.4663359554843
220531_MIP-082-MC_TRT76_TA341_C01_Amplitude,220531_MIP-082-MC_TRT76_TA341,C01,3627.718,1925.914,2407.5581840161794,2521.6319888156,-1220.1598159838204,595.7179888155999
220531_MIP-082-MC_TRT76_TA341_C02_Amplitude,220531_MIP-082-MC_TRT76_TA341,C02,3123.574,1902.83,2143.078480833513,1951.867791111133,-980.4955191664872,49.037791111133174
220531_MIP-082-MC_TRT76_TA341_C03_Amplitude,220531_MIP-082-MC_TRT76_TA341,C03,2832.0795,1946.5035,2165.6736828211415,1869.8970306789436,-666.4058171788583,-76.60646932105647
220531_MIP-082-MC_TRT76_TA341_C04_Amplitude,220531_MIP-082-MC_TRT76_TA341,C04,2211.3320000000003,1048.533,1592.4434378443607,1148.9684172631844,-618.8885621556396,100.43541726318449
220531_MIP-082-MC_TRT76_TA341_C05_Amplitude,220531_MIP-082-MC_TRT76_TA341,C05,2872.6455,1866.3885,2143.3527178444533,1857.2510891656507,-729.2927821555468,-9.137410834349339
220531_MIP-082-MC_TRT76_TA341_C06_Amplitude,220531_MIP-082-MC_TRT76_TA341,C06,3410.8975,1884.1575,2174.526879088745,2016.0341404799274,-1236.3706209112552,131.87664047992735
220531_MIP-082-MC_TRT76_TA341_C07_Amplitude,220531_MIP-082-MC_TRT76_TA341,C07,3127.107,1836.899,2202.3785699573186,2076.000127176114,-924.7284300426813,239.101127176114
220531_MIP-082-MC_TRT76_TA341_C08_Amplitude,220531_MIP-082-MC_TRT76_TA341,C08,3164.11,1896.296,2602.4904486250994,3346.479700100357,-561.6195513749008,1450.183700100357
220531_MIP-082-MC_TRT76_TA341_C09_Amplitude,220531_MIP-082-MC_TRT76_TA341,C09,3305.028,1825.1145,2159.8016157062316,1929.6285356951055,-1145.2263842937682,104.51403569510558
220531_MIP-082-MC_TRT76_TA341_C10_Amplitude,220531_MIP-082-MC_TRT76_TA341,C10,2890.085,1898.7575,2111.2730290170985,2008.405307434889,-778.8119709829016,109.64780743488905
220531_MIP-082-MC_TRT76_TA341_C11_Amplitude,220531_MIP-082-MC_TRT76_TA341,C11,3090.81,1755.604,2128.6065292187304,1968.980436593853,-962.2034707812695,213.376436593853
220531_MIP-082-MC_TRT76_TA341_C12_Amplitude,220531_MIP-082-MC_TRT76_TA341,C12,3252.1895,1868.6195,2142.4563853554732,1999.481617310705,-1109.7331146445267,130.8621173107049
220531_MIP-082-MC_TRT76_TA341_D01_Amplitude,220531_MIP-082-MC_TRT76_TA341,D01,2972.7430000000004,1911.6025,2165.1263955361123,1948.4246863971678,-807.616604463888,36.8221863971678
220531_MIP-082-MC_TRT76_TA341_D02_Amplitude,220531_MIP-082-MC_TRT76_TA341,D02,2976.996,1796.9744999999998,2145.4231100563675,1887.6218167518891,-831.5728899436326,90.64731675188932
220531_MIP-082-MC_TRT76_TA341_D03_Amplitude,220531_MIP-082-MC_TRT76_TA341,D03,3027.891,1868.462,2157.3177738139043,1843.406901789956,-870.5732261860958,-25.05509821004398
220531_MIP-082-MC_TRT76_TA341_D04_Amplitude,220531_MIP-082-MC_TRT76_TA341,D04,2276.9440000000004,1092.7480000000005,1581.9039342476349,1190.8380625836703,-695.0400657523655,98.0900625836698
220531_MIP-082-MC_TRT76_TA341_D05_Amplitude,220531_MIP-082-MC_TRT76_TA341,D05,2767.0015,1883.8855,2143.9470490888143,2003.1415004225044,-623.0544509111855,119.25600042250426
220531_MIP-082-MC_TRT76_TA341_D06_Amplitude,220531_MIP-082-MC_TRT76_TA341,D06,2867.803,1840.8275,2134.7315497160957,1848.0359051446792,-733.0714502839041,7.208405144679091
220531_MIP-082-MC_TRT76_TA341_D07_Amplitude,220531_MIP-082-MC_TRT76_TA341,D07,3340.1355000000003,2036.306,2126.4190559677177,1907.5101286184538,-1213.7164440322827,-128.79587138154625
220531_MIP-082-MC_TRT76_TA341_D08_Amplitude,220531_MIP-082-MC_TRT76_TA341,D08,3113.26,1761.703,2177.48347318095,1791.1499723554557,-935.7765268190501,29.446972355455728
220531_MIP-082-MC_TRT76_TA341_D09_Amplitude,220531_MIP-082-MC_TRT76_TA341,D09,2814.8715,1911.7905,2159.1938387190226,1753.487081686699,-655.6776612809776,-158.3034183133011
220531_MIP-082-MC_TRT76_TA341_D10_Amplitude,220531_MIP-082-MC_TRT76_TA341,D10,2930.0460000000003,1855.4915,2168.956281019392,1809.7709400204444,-761.0897189806083,-45.720559979555674
220531_MIP-082-MC_TRT76_TA341_D11_Amplitude,220531_MIP-082-MC_TRT76_TA341,D11,3098.871,1818.2715,2159.101603892675,1921.3049508872066,-939.7693961073251,103.03345088720653
220531_MIP-082-MC_TRT76_TA341_D12_Amplitude,220531_MIP-082-MC_TRT76_TA341,D12,2984.144,1914.179,2341.375030428475,1805.5955517230987,-642.7689695715248,-108.58344827690144
220531_MIP-082-MC_TRT76_TA341_E01_Amplitude,220531_MIP-082-MC_TRT76_TA341,E01,3042.4145,1756.28,2146.3797261277887,1760.0913283499613,-896.0347738722112,3.811328349961286
220531_MIP-082-MC_TRT76_TA341_E02_Amplitude,220531_MIP-082-MC_TRT76_TA341,E02,2997.82,1820.63,2190.1226917338636,1758.9387811519323,-807.6973082661366,-61.69121884806782
220531_MIP-082-MC_TRT76_TA341_E03_Amplitude,220531_MIP-082-MC_TRT76_TA341,E03,3684.2835,1868.6325,2181.35329201175,1959.4559396913955,-1502.93020798825,90.8234396913956
220531_MIP-082-MC_TRT76_TA341_E04_Amplitude,220531_MIP-082-MC_TRT76_TA341,E04,3305.4385,1936.546,2190.6078190319954,1776.117103558465,-1114.8306809680048,-160.42889644153502
220531_MIP-082-MC_TRT76_TA341_E05_Amplitude,220531_MIP-082-MC_TRT76_TA341,E05,3381.67,1831.0345,2182.9465428468015,1835.5140285435814,-1198.7234571531985,4.479528543581409
220531_MIP-082-MC_TRT76_TA341_E06_Amplitude,220531_MIP-082-MC_TRT76_TA341,E06,3008.452,1864.685,2147.284279328678,1884.6179350227033,-861.1677206713221,19.932935022703305
220531_MIP-082-MC_TRT76_TA341_E07_Amplitude,220531_MIP-082-MC_TRT76_TA341,E07,2842.181,1923.783,2143.617603929053,1770.333484010088,-698.563396070947,-153.44951598991202
220531_MIP-082-MC_TRT76_TA341_E08_Amplitude,220531_MIP-082-MC_TRT76_TA341,E08,3160.634,1870.5485,2144.0789638435067,1744.7943090923907,-1016.5550361564933,-125.75419090760943
220531_MIP-082-MC_TRT76_TA341_E09_Amplitude,220531_MIP-082-MC_TRT76_TA341,E09,3286.949,1917.21,2129.1183636148357,1929.663539492987,-1157.8306363851643,12.45353949298692
220531_MIP-082-MC_TRT76_TA341_E10_Amplitude,220531_MIP-082-MC_TRT76_TA341,E10,3141.071,1877.3425,2143.565519196499,1854.3326056848953,-997.5054808035011,-23.009894315104702
220531_MIP-082-MC_TRT76_TA341_E11_Amplitude,220531_MIP-082-MC_TRT76_TA341,E11,3008.611,1842.725,2163.959059765466,1843.6611964813749,-844.6519402345339,0.9361964813749637
220531_MIP-082-MC_TRT76_TA341_E12_Amplitude,220531_MIP-082-MC_TRT76_TA341,E12,3241.71,2205.621,2368.6920322279625,2429.9035366545772,-873.0179677720375,224.28253665457714
220531_MIP-082-MC_TRT76_TA341_F01_Amplitude,220531_MIP-082-MC_TRT76_TA341,F01,2724.5665,1871.2805,2153.23616822876,1881.7712754721722,-571.3303317712398,10.490775472172118
220531_MIP-082-MC_TRT76_TA341_F02_Amplitude,220531_MIP-082-MC_TRT76_TA341,F02,3227.972,1876.695,2172.404908792404,1853.6274473321337,-1055.5670912075961,-23.067552667866266
220531_MIP-082-MC_TRT76_TA341_F03_Amplitude,220531_MIP-082-MC_TRT76_TA341,F03,3137.873,1836.0335,2428.512796932901,1646.9280400091236,-709.3602030670991,-189.1054599908764
220531_MIP-082-MC_TRT76_TA341_F04_Amplitude,220531_MIP-082-MC_TRT76_TA341,F04,3391.705,1885.285,2137.31533892553,1864.2582546025003,-1254.38966107447,-21.02674539749978
220531_MIP-082-MC_TRT76_TA341_F05_Amplitude,220531_MIP-082-MC_TRT76_TA341,F05,3278.858,1886.2205,2178.397249996935,1803.7371876948166,-1100.4607500030652,-82.48331230518329
220531_MIP-082-MC_TRT76_TA341_F06_Amplitude,220531_MIP-082-MC_TRT76_TA341,F06,2948.379,1885.3505,2121.722271462284,1836.1225173045539,-826.6567285377159,-49.227982695446144
220531_MIP-082-MC_TRT76_TA341_F07_Amplitude,220531_MIP-082-MC_TRT76_TA341,F07,3204.2865,1825.3495,2172.82013035416,1809.4769772638317,-1031.4663696458401,-15.872522736168321
220531_MIP-082-MC_TRT76_TA341_F08_Amplitude,220531_MIP-082-MC_TRT76_TA341,F08,2842.4495,1929.0515,2154.3471728979603,1892.7258018725036,-688.1023271020399,-36.32569812749648
220531_MIP-082-MC_TRT76_TA341_F09_Amplitude,220531_MIP-082-MC_TRT76_TA341,F09,3242.9945,2241.063,2268.5688193327933,1980.0197335772418,-974.4256806672065,-261.0432664227583
220531_MIP-082-MC_TRT76_TA341_F10_Amplitude,220531_MIP-082-MC_TRT76_TA341,F10,3440.0085,1914.347,2141.7440816572857,2011.0942368390504,-1298.2644183427142,96.7472368390504
220531_MIP-082-MC_TRT76_TA341_F11_Amplitude,220531_MIP-082-MC_TRT76_TA341,F11,3421.849,1851.423,2159.0523510321377,1841.8879490702848,-1262.7966489678624,-9.535050929715226
220531_MIP-082-MC_TRT76_TA341_F12_Amplitude,220531_MIP-082-MC_TRT76_TA341,F12,2845.2650000000003,1907.7305,2143.7989723220676,1930.561450770502,-701.4660276779327,22.830950770502113
220531_MIP-082-MC_TRT76_TA341_G01_Amplitude,220531_MIP-082-MC_TRT76_TA341,G01,3050.4915,1883.4905,2129.069413305487,1831.386606173855,-921.4220866945129,-52.10389382614517
220531_MIP-082-MC_TRT76_TA341_G02_Amplitude,220531_MIP-082-MC_TRT76_TA341,G02,2942.309,1876.022,2129.7176428121143,1844.8797624769147,-812.5913571878859,-31.142237523085214
220531_MIP-082-MC_TRT76_TA341_G03_Amplitude,220531_MIP-082-MC_TRT76_TA341,G03,3573.0295,1795.1435,2203.0012645963875,1876.5833675566632,-1370.0282354036126,81.43986755666333
220531_MIP-082-MC_TRT76_TA341_G04_Amplitude,220531_MIP-082-MC_TRT76_TA341,G04,3698.205,1867.221,2145.019876295273,1820.6214362954738,-1553.1851237047267,-46.59956370452619
220531_MIP-082-MC_TRT76_TA341_G05_Amplitude,220531_MIP-082-MC_TRT76_TA341,G05,3237.654,1850.455,2182.0805872122796,1773.2425025883535,-1055.5734127877204,-77.21249741164638
220531_MIP-082-MC_TRT76_TA341_G06_Amplitude,220531_MIP-082-MC_TRT76_TA341,G06,3096.6395,1831.591,2217.340549367194,1664.1114342669307,-879.2989506328063,-167.4795657330692
220531_MIP-082-MC_TRT76_TA341_G07_Amplitude,220531_MIP-082-MC_TRT76_TA341,G07,3116.459,1871.7165,2375.906294942597,1617.9244238547171,-740.5527050574028,-253.79207614528286
220531_MIP-082-MC_TRT76_TA341_G08_Amplitude,220531_MIP-082-MC_TRT76_TA341,G08,3221.273,1862.469,2169.2748289544315,1980.901033792778,-1051.9981710455686,118.43203379277793
220531_MIP-082-MC_TRT76_TA341_G09_Amplitude,220531_MIP-082-MC_TRT76_TA341,G09,3405.5735,1836.6955,2190.851157310899,1802.7044810465763,-1214.722342689101,-33.99101895342369
220531_MIP-082-MC_TRT76_TA341_G10_Amplitude,220531_MIP-082-MC_TRT76_TA341,G10,2886.8735,1418.1360000000002,2395.865802138197,1506.9172661963325,-491.0076978618031,88.78126619633235
220531_MIP-082-MC_TRT76_TA341_G11_Amplitude,220531_MIP-082-MC_TRT76_TA341,G11,3175.7435,1865.4815,2160.849031194369,1925.4591938707902,-1014.8944688056308,59.97769387079006
220531_MIP-082-MC_TRT76_TA341_G12_Amplitude,220531_MIP-082-MC_TRT76_TA341,G12,3608.171,1910.963,2166.6358962564022,1866.8211925681985,-1441.5351037435976,-44.14180743180145
220531_MIP-082-MC_TRT76_TA341_H01_Amplitude,220531_MIP-082-MC_TRT76_TA341,H01,2909.0135,1890.7685,2179.381367929616,2025.6829237273032,-729.6321320703842,134.9144237273033
220531_MIP-082-MC_TRT76_TA341_H02_Amplitude,220531_MIP-082-MC_TRT76_TA341,H02,3300.0655,1995.382,2193.9451804689834,2090.7371299949086,-1106.1203195310168,95.35512999490857
220531_MIP-082-MC_TRT76_TA341_H03_Amplitude,220531_MIP-082-MC_TRT76_TA341,H03,3172.3225,1928.3555,2129.546230824387,1924.5321722632493,-1042.7762691756134,-3.8233277367505707
220531_MIP-082-MC_TRT76_TA341_H04_Amplitude,220531_MIP-082-MC_TRT76_TA341,H04,3102.195,2102.8975,2225.693936344289,2139.040033641063,-876.5010636557113,36.14253364106298
220531_MIP-082-MC_TRT76_TA341_H05_Amplitude,220531_MIP-082-MC_TRT76_TA341,H05,3141.2215,1895.787,2124.886923997349,1882.8804954145169,-1016.3345760026509,-12.906504585483162
220531_MIP-082-MC_TRT76_TA341_H06_Amplitude,220531_MIP-082-MC_TRT76_TA341,H06,2950.4715,1873.1755,2248.2627961810085,2250.7427856316262,-702.2087038189916,377.5672856316262
220531_MIP-082-MC_TRT76_TA341_H07_Amplitude,220531_MIP-082-MC_TRT76_TA341,H07,3503.789,1949.8995,2155.2318171594434,2037.911297144843,-1348.5571828405568,88.01179714484306
220531_MIP-082-MC_TRT76_TA341_H08_Amplitude,220531_MIP-082-MC_TRT76_TA341,H08,3239.7465,1928.602,2163.4558229394916,1939.4352065482099,-1076.2906770605086,10.833206548209773
220531_MIP-082-MC_TRT76_TA341_H09_Amplitude,220531_MIP-082-MC_TRT76_TA341,H09,3115.5545,1836.1925,2287.5810846275713,1969.4402285841863,-827.9734153724289,133.24772858418623
220531_MIP-082-MC_TRT76_TA341_H10_Amplitude,220531_MIP-082-MC_TRT76_TA341,H10,2974.6305,1891.621,2320.1438959688517,2292.3179294789093,-654.4866040311485,400.69692947890917
220531_MIP-082-MC_TRT76_TA341_H11_Amplitude,220531_MIP-082-MC_TRT76_TA341,H11,3148.456,2027.2615,2262.132769967441,1948.6347086675264,-886.323230032559,-78.62679133247366
220531_MIP-082-MC_TRT76_TA341_H12_Amplitude,220531_MIP-082-MC_TRT76_TA341,H12,3096.416,1821.717,2426.2637123735053,2537.0683396555432,-670.1522876264949,715.3513396555431
220630_MIP088AN_AN02_TA342-7_20220630_131006_932_A01_Amplitude,220630_MIP088AN_AN02_TA342-7_20220630_131006_932,A01,805.2953,1128.90165,1319.3695234287704,1664.0271576242146,514.0742234287704,535.1255076242146
220630_MIP088AN_AN02_TA342-7_20220630_131006_932_A02_Amplitude,220630_MIP088AN_AN02_TA342-7_20220630_131006_932,A02,794.5814,1118.361,1402.8058708440208,1738.2906567594296,608.2244708440207,619.9296567594295
220630_MIP088AN_AN02_TA342-7_20220630_131006_932_A03_Amplitude,220630_MIP088AN_AN02_TA342-7_20220630_131006_932,A03,809.2503,1059.4189,1342.7538415532244,1676.1861690050596,533.5035415532244,616.7672690050597
220630_MIP088AN_AN02_TA342-7_20220630_131006_932_A04_Amplitude,220630_MIP088AN_AN02_TA342-7_20220630_131006_932,A04,809.1202499999999,1312.35595,1272.788359351489,1671.357163696032,463.66810935148897,359.0012136960322
220630_MIP088AN_AN02_TA342-7_20220630_131006_932_A05_Amplitude,220630_MIP088AN_AN02_TA342-7_20220630_131006_932,A05,800.27385,1147.757,1426.1141846893493,2195.3706297334056,625.8403346893492,1047.6136297334056
220630_MIP088AN_AN02_TA342-7_20220630_131006_932_A06_Amplitude,220630_MIP088AN_AN02_TA342-7_20220630_131006_932,A06,813.8565000000001,1218.8692,1299.5796630185025,1568.7304786938012,485.7231630185024,349.86127869380107
220630_MIP088AN_AN02_TA342-7_20220630_131006_932_A07_Amplitude,220630_MIP088AN_AN02_TA342-7_20220630_131006_932,A07,813.12835,1148.3975,1275.5221877089796,1702.9497412728174,462.3938377089796,554.5522412728174
220630_MIP088AN_AN02_TA342-7_20220630_131006_932_A08_Amplitude,220630_MIP088AN_AN02_TA342-7_20220630_131006_932,A08,809.1323,1248.5990000000002,1375.1585216521555,1845.8351562565522,566.0262216521555,597.236156256552
220630_MIP088AN_AN02_TA342-7_20220630_131006_932_A09_Amplitude,220630_MIP088AN_AN02_TA342-7_20220630_131006_932,A09,809.32835,1170.2765,1364.0378054207076,1820.9502047661254,554.7094554207076,650.6737047661254
220630_MIP088AN_AN02_TA342-7_20220630_131006_932_A10_Amplitude,220630_MIP088AN_AN02_TA342-7_20220630_131006_932,A10,807.2045,1692.2547,1323.724362745807,1790.2934377231688,516.5198627458069,98.03873772316888
220630_MIP088AN_AN02_TA342-7_20220630_131006_932_A11_Amplitude,220630_MIP088AN_AN02_TA342-7_20220630_131006_932,A11,809.8271,2046.2455,1371.9383409644975,1860.3352971486556,562.1112409644975,-185.91020285134437
220630_MIP088AN_AN02_TA342-7_20220630_131006_932_A12_Amplitude,220630_MIP088AN_AN02_TA342-7_20220630_131006_932,A12,811.14575,1188.7695,1438.7440782845879,2033.2347036787062,627.5983282845879,844.4652036787061
220630_MIP088AN_AN02_TA342-7_20220630_131006_932_B01_Amplitude,220630_MIP088AN_AN02_TA342-7_20220630_131006_932,B01,807.7361000000001,986.107,1456.0036811063048,2017.652372230153,648.2675811063048,1031.5453722301531
220630_MIP088AN_AN02_TA342-7_20220630_131006_932_B02_Amplitude,220630_MIP088AN_AN02_TA342-7_20220630_131006_932,B02,806.0119,1142.9540000000002,1196.3272236514435,1638.5678373685157,390.3153236514436,495.61383736851553
220630_MIP088AN_AN02_TA342-7_20220630_131006_932_B03_Amplitude,220630_MIP088AN_AN02_TA342-7_20220630_131006_932,B03,808.91805,1684.008,1254.158900426588,1663.1587701395338,445.24085042658794,-20.849229860466266
220630_MIP088AN_AN02_TA342-7_20220630_131006_932_B04_Amplitude,220630_MIP088AN_AN02_TA342-7_20220630_131006_932,B04,811.7592,1872.7875,968.5065774496579,1504.5640983297762,156.74737744965796,-368.22340167022367
220630_MIP088AN_AN02_TA342-7_20220630_131006_932_B05_Amplitude,220630_MIP088AN_AN02_TA342-7_20220630_131006_932,B05,808.29265,1044.9212,1288.6878413584334,1674.127842086069,480.3951913584334,629.206642086069
220630_MIP088AN_AN02_TA342-7_20220630_131006_932_B06_Amplitude,220630_MIP088AN_AN02_TA342-7_20220630_131006_932,B06,805.56795,2268.81945,1008.3943816392549,1506.6806471171358,202.8264316392549,-762.1388028828642
220630_MIP088AN_AN02_TA342-7_20220630_131006_932_B07_Amplitude,220630_MIP088AN_AN02_TA342-7_20220630_131006_932,B07,803.80925,1592.907,1314.143903975217,1710.694411993894,510.33465397521695,117.78741199389401
220630_MIP088AN_AN02_TA342-7_20220630_131006_932_B08_Amplitude,220630_MIP088AN_AN02_TA342-7_20220630_131006_932,B08,800.29725,1531.1535,1252.9936908252669,1653.4489049398264,452.6964408252669,122.29540493982654
220630_MIP088AN_AN02_TA342-7_20220630_131006_932_B09_Amplitude,220630_MIP088AN_AN02_TA342-7_20220630_131006_932,B09,767.3121,2128.60225,1349.5544751500738,1802.4749187872067,582.2423751500738,-326.12733121279325
220630_MIP088AN_AN02_TA342-7_20220630_131006_932_B10_Amplitude,220630_MIP088AN_AN02_TA342-7_20220630_131006_932,B10,821.0935999999999,2454.793,1229.5891851804079,1697.900659610746,408.49558518040794,-756.8923403892541
220630_MIP088AN_AN02_TA342-7_20220630_131006_932_B11_Amplitude,220630_MIP088AN_AN02_TA342-7_20220630_131006_932,B11,801.8094,1688.9918000000002,1277.4434601202393,1698.2892424712309,475.63406012023927,9.297442471230625
220630_MIP088AN_AN02_TA342-7_20220630_131006_932_B12_Amplitude,220630_MIP088AN_AN02_TA342-7_20220630_131006_932,B12,820.63105,1342.13085,1418.8747390957121,1892.6490153388431,598.2436890957122,550.5181653388431
220630_MIP088AN_AN02_TA342-7_20220630_131006_932_C01_Amplitude,220630_MIP088AN_AN02_TA342-7_20220630_131006_932,C01,801.1161500000001,1200.6081,1382.7958094954686,1798.6776311237493,581.6796594954685,598.0695311237494
220630_MIP088AN_AN02_TA342-7_20220630_131006_932_C02_Amplitude,220630_MIP088AN_AN02_TA342-7_20220630_131006_932,C02,807.17425,1155.62,1264.9082926119054,1615.578339174405,457.73404261190535,459.9583391744052
220630_MIP088AN_AN02_TA342-7_20220630_131006_932_C03_Amplitude,220630_MIP088AN_AN02_TA342-7_20220630_131006_932,C03,817.309,1276.5365000000002,1292.4103310486119,1636.5538132114586,475.1013310486119,360.0173132114585
220630_MIP088AN_AN02_TA342-7_20220630_131006_932_C04_Amplitude,220630_MIP088AN_AN02_TA342-7_20220630_131006_932,C04,819.7216,1233.25905,1018.8720064865262,1497.704075372244,199.1504064865262,264.4450253722441
220630_MIP088AN_AN02_TA342-7_20220630_131006_932_C05_Amplitude,220630_MIP088AN_AN02_TA342-7_20220630_131006_932,C05,807.5143,1423.72385,1277.873659319048,1626.9805499730658,470.35935931904805,203.25669997306568
220630_MIP088AN_AN02_TA342-7_20220630_131006_932_C06_Amplitude,220630_MIP088AN_AN02_TA342-7_20220630_131006_932,C06,813.3932,1711.1,1156.5848114392097,1592.6891773461891,343.19161143920974,-118.41082265381078
220630_MIP088AN_AN02_TA342-7_20220630_131006_932_C07_Amplitude,220630_MIP088AN_AN02_TA342-7_20220630_131006_932,C07,803.3598,2241.43585,1320.2552763634026,1691.043660478656,516.8954763634026,-550.3921895213439
220630_MIP088AN_AN02_TA342-7_20220630_131006_932_C08_Amplitude,220630_MIP088AN_AN02_TA342-7_20220630_131006_932,C08,810.6078,1186.19865,1021.410117867285,1502.2509359885507,210.80231786728496,316.0522859885507
220630_MIP088AN_AN02_TA342-7_20220630_131006_932_C09_Amplitude,220630_MIP088AN_AN02_TA342-7_20220630_131006_932,C09,802.8876,1066.93065,1293.398820300515,1678.7218669778806,490.5112203005149,611.7912169778806
220630_MIP088AN_AN02_TA342-7_20220630_131006_932_C10_Amplitude,220630_MIP088AN_AN02_TA342-7_20220630_131006_932,C10,813.4054,1310.42855,1248.5926991754154,1632.7750670592216,435.18729917541543,322.34651705922147
220630_MIP088AN_AN02_TA342-7_20220630_131006_932_C11_Amplitude,220630_MIP088AN_AN02_TA342-7_20220630_131006_932,C11,816.0516,1111.29475,1182.2314453639572,1611.3726172090996,366.17984536395716,500.0778672090996
220630_MIP088AN_AN02_TA342-7_20220630_131006_932_C12_Amplitude,220630_MIP088AN_AN02_TA342-7_20220630_131006_932,C12,800.71675,1516.5823,1373.9885794997174,1808.0982963859146,573.2718294997173,291.5159963859146
220630_MIP088AN_AN02_TA342-7_20220630_131006_932_D01_Amplitude,220630_MIP088AN_AN02_TA342-7_20220630_131006_932,D01,805.2851499999999,1114.0293,1259.8207719552768,1623.5893191666617,454.53562195527684,509.56001916666173
220630_MIP088AN_AN02_TA342-7_20220630_131006_932_D02_Amplitude,220630_MIP088AN_AN02_TA342-7_20220630_131006_932,D02,803.5989500000001,1044.9457,1161.3009190075443,1593.5785432845375,357.7019690075442,548.6328432845376
220630_MIP088AN_AN02_TA342-7_20220630_131006_932_D03_Amplitude,220630_MIP088AN_AN02_TA342-7_20220630_131006_932,D03,806.34335,1132.1315,1270.769674035219,1620.559827513046,464.42632403521895,488.42832751304604
220630_MIP088AN_AN02_TA342-7_20220630_131006_932_D04_Amplitude,220630_MIP088AN_AN02_TA342-7_20220630_131006_932,D04,805.18655,1077.33965,1157.7558629508803,1583.313108512121,352.5693129508803,505.97345851212117
220630_MIP088AN_AN02_TA342-7_20220630_131006_932_D05_Amplitude,220630_MIP088AN_AN02_TA342-7_20220630_131006_932,D05,812.78265,1449.5545,1268.8323783394353,1667.165739543353,456.0497283394353,217.61123954335312
220630_MIP088AN_AN02_TA342-7_20220630_131006_932_D06_Amplitude,220630_MIP088AN_AN02_TA342-7_20220630_131006_932,D06,807.88485,1623.2059,1002.5909261285401,1500.856515189755,194.70607612854008,-122.34938481024483
220630_MIP088AN_AN02_TA342-7_20220630_131006_932_D07_Amplitude,220630_MIP088AN_AN02_TA342-7_20220630_131006_932,D07,811.413,1738.1096,1254.76601983898,1651.63146081149,443.3530198389799,-86.47813918851011
220630_MIP088AN_AN02_TA342-7_20220630_131006_932_D08_Amplitude,220630_MIP088AN_AN02_TA342-7_20220630_131006_932,D08,825.57835,1141.7045,1215.28560823838,1639.905678312369,389.70725823838006,498.20117831236894
220630_MIP088AN_AN02_TA342-7_20220630_131006_932_D09_Amplitude,220630_MIP088AN_AN02_TA342-7_20220630_131006_932,D09,793.76605,1073.7093,1268.1644047998207,1661.0380180585844,474.3983547998207,587.3287180585844
220630_MIP088AN_AN02_TA342-7_20220630_131006_932_D10_Amplitude,220630_MIP088AN_AN02_TA342-7_20220630_131006_932,D10,810.2379,1468.0322,1228.084050498441,1637.9330636135628,417.84615049844103,169.9008636135627
220630_MIP088AN_AN02_TA342-7_20220630_131006_932_D11_Amplitude,220630_MIP088AN_AN02_TA342-7_20220630_131006_932,D11,801.6898,1339.54405,1245.8754273952757,1608.2148781341173,444.1856273952757,268.6708281341173
220630_MIP088AN_AN02_TA342-7_20220630_131006_932_D12_Amplitude,220630_MIP088AN_AN02_TA342-7_20220630_131006_932,D12,806.28745,1207.0295,1388.7702216858368,1779.6475081096273,582.4827716858367,572.6180081096272
220630_MIP088AN_AN02_TA342-7_20220630_131006_932_E01_Amplitude,220630_MIP088AN_AN02_TA342-7_20220630_131006_932,E01,804.0015,1074.37815,1304.4334361836807,1707.2816324697,500.4319361836807,632.9034824697001
220630_MIP088AN_AN02_TA342-7_20220630_131006_932_E02_Amplitude,220630_MIP088AN_AN02_TA342-7_20220630_131006_932,E02,811.145,1775.7991000000002,1263.7269882556056,1628.8911817712806,452.58198825560567,-146.9079182287196
220630_MIP088AN_AN02_TA342-7_20220630_131006_932_E03_Amplitude,220630_MIP088AN_AN02_TA342-7_20220630_131006_932,E03,806.6357,1428.49045,1224.745721103076,1613.0024805037694,418.11002110307595,184.51203050376944
220630_MIP088AN_AN02_TA342-7_20220630_131006_932_E04_Amplitude,220630_MIP088AN_AN02_TA342-7_20220630_131006_932,E04,811.2109,1397.6615000000002,1197.6913753894532,1637.4133666430782,386.4804753894532,239.75186664307807
220630_MIP088AN_AN02_TA342-7_20220630_131006_932_E05_Amplitude,220630_MIP088AN_AN02_TA342-7_20220630_131006_932,E05,803.19985,1048.9477,1014.5054995378526,1502.7898073403908,211.30564953785267,453.84210734039084
220630_MIP088AN_AN02_TA342-7_20220630_131006_932_E06_Amplitude,220630_MIP088AN_AN02_TA342-7_20220630_131006_932,E06,806.4727,1150.43585,1300.9673317449412,1726.2274913544147,494.4946317449412,575.7916413544147
220630_MIP088AN_AN02_TA342-7_20220630_131006_932_E07_Amplitude,220630_MIP088AN_AN02_TA342-7_20220630_131006_932,E07,804.2558,1643.3165,1319.5591819737017,1717.401315512043,515.3033819737017,74.08481551204318
220630_MIP088AN_AN02_TA342-7_20220630_131006_932_E08_Amplitude,220630_MIP088AN_AN02_TA342-7_20220630_131006_932,E08,797.3523,1212.8,1407.4552920971607,1791.5890224703587,610.1029920971607,578.7890224703588
220630_MIP088AN_AN02_TA342-7_20220630_131006_932_E09_Amplitude,220630_MIP088AN_AN02_TA342-7_20220630_131006_932,E09,806.5590500000001,1375.315,1313.9322304182228,1719.3961802807007,507.3731804182228,344.08118028070066
220630_MIP088AN_AN02_TA342-7_20220630_131006_932_E10_Amplitude,220630_MIP088AN_AN02_TA342-7_20220630_131006_932,E10,802.0779,1743.1214,1252.184067874406,1650.7987718275297,450.1061678744061,-92.32262817247033
220630_MIP088AN_AN02_TA342-7_20220630_131006_932_E11_Amplitude,220630_MIP088AN_AN02_TA342-7_20220630_131006_932,E11,807.0022,1142.08485,1275.1997944240989,1684.5716973562896,468.19759442409884,542.4868473562897
220630_MIP088AN_AN02_TA342-7_20220630_131006_932_E12_Amplitude,220630_MIP088AN_AN02_TA342-7_20220630_131006_932,E12,812.3457000000001,1247.211,1271.34052531398,1686.2446547661023,458.99482531397985,439.03365476610225
220630_MIP088AN_AN02_TA342-7_20220630_131006_932_F01_Amplitude,220630_MIP088AN_AN02_TA342-7_20220630_131006_932,F01,797.9748999999999,1941.8195,1382.2717673671539,1816.0462105112174,584.2968673671539,-125.77328948878267
220630_MIP088AN_AN02_TA342-7_20220630_131006_932_F02_Amplitude,220630_MIP088AN_AN02_TA342-7_20220630_131006_932,F02,795.4146499999999,1244.9346,1279.4088119913702,1651.188145389988,483.9941619913702,406.25354538998795
220630_MIP088AN_AN02_TA342-7_20220630_131006_932_F03_Amplitude,220630_MIP088AN_AN02_TA342-7_20220630_131006_932,F03,808.5019,1441.47145,1319.463039760913,1716.1984494215355,510.96113976091306,274.72699942153554
220630_MIP088AN_AN02_TA342-7_20220630_131006_932_F04_Amplitude,220630_MIP088AN_AN02_TA342-7_20220630_131006_932,F04,793.9603999999999,2389.512,1307.2011334885917,1706.5931506287782,513.2407334885918,-682.918849371222
220630_MIP088AN_AN02_TA342-7_20220630_131006_932_F05_Amplitude,220630_MIP088AN_AN02_TA342-7_20220630_131006_932,F05,808.47175,960.2168,1404.7204631349264,1848.6895587767972,596.2487131349263,888.4727587767971
220630_MIP088AN_AN02_TA342-7_20220630_131006_932_F06_Amplitude,220630_MIP088AN_AN02_TA342-7_20220630_131006_932,F06,812.87445,1075.8673,1276.8807813823917,1672.3425754445511,464.00633138239164,596.4752754445512
220630_MIP088AN_AN02_TA342-7_20220630_131006_932_F07_Amplitude,220630_MIP088AN_AN02_TA342-7_20220630_131006_932,F07,801.42545,1014.0976,1349.178458833551,1787.54315413254,547.7530088335511,773.4455541325399
220630_MIP088AN_AN02_TA342-7_20220630_131006_932_F08_Amplitude,220630_MIP088AN_AN02_TA342-7_20220630_131006_932,F08,802.33775,1226.69795,1299.9575846037792,1685.7043659131803,497.61983460377917,459.00641591318026
220630_MIP088AN_AN02_TA342-7_20220630_131006_932_F09_Amplitude,220630_MIP088AN_AN02_TA342-7_20220630_131006_932,F09,816.30005,1799.321,1389.7624526069367,1773.6530322222306,573.4624026069366,-25.667967777769263
220630_MIP088AN_AN02_TA342-7_20220630_131006_932_F10_Amplitude,220630_MIP088AN_AN02_TA342-7_20220630_131006_932,F10,808.92565,1159.2130000000002,1159.2519360206088,1523.94023209242,350.3262860206088,364.72723209241985
220630_MIP088AN_AN02_TA342-7_20220630_131006_932_F11_Amplitude,220630_MIP088AN_AN02_TA342-7_20220630_131006_932,F11,812.92005,1175.8626,1313.2840111598402,1711.5073803873972,500.3639611598403,535.6447803873973
220630_MIP088AN_AN02_TA342-7_20220630_131006_932_F12_Amplitude,220630_MIP088AN_AN02_TA342-7_20220630_131006_932,F12,832.67455,1829.42595,1346.2167256895982,1792.117743056485,513.5421756895983,-37.30820694351496
220630_MIP088AN_AN02_TA342-7_20220630_131006_932_G01_Amplitude,220630_MIP088AN_AN02_TA342-7_20220630_131006_932,G01,806.4529,1022.74985,1412.0218843016382,1814.8068390603667,605.5689843016382,792.0569890603666
220630_MIP088AN_AN02_TA342-7_20220630_131006_932_G02_Amplitude,220630_MIP088AN_AN02_TA342-7_20220630_131006_932,G02,825.1197500000001,1677.918,1376.1247748539417,1832.6691673717387,551.0050248539417,154.7511673717388
220630_MIP088AN_AN02_TA342-7_20220630_131006_932_G03_Amplitude,220630_MIP088AN_AN02_TA342-7_20220630_131006_932,G03,786.0777499999999,1129.643,1299.9275781531758,1659.1774997525797,513.8498281531758,529.5344997525797
220630_MIP088AN_AN02_TA342-7_20220630_131006_932_G04_Amplitude,220630_MIP088AN_AN02_TA342-7_20220630_131006_932,G04,809.5898,1269.55195,1448.674701682761,1727.8422884734675,639.084901682761,458.2903384734675
220630_MIP088AN_AN02_TA342-7_20220630_131006_932_G05_Amplitude,220630_MIP088AN_AN02_TA342-7_20220630_131006_932,G05,802.4763499999999,1102.7669,1422.5811065933763,1773.3004351987142,620.1047565933764,670.5335351987142
220630_MIP088AN_AN02_TA342-7_20220630_131006_932_G06_Amplitude,220630_MIP088AN_AN02_TA342-7_20220630_131006_932,G06,801.8172500000001,1157.305,1414.6058849481437,1807.890752843614,612.7886349481437,650.585752843614
220630_MIP088AN_AN02_TA342-7_20220630_131006_932_G07_Amplitude,220630_MIP088AN_AN02_TA342-7_20220630_131006_932,G07,809.506,1111.1644,1275.39184228769,1694.592430359903,465.88584228769,583.428030359903
220630_MIP088AN_AN02_TA342-7_20220630_131006_932_G08_Amplitude,220630_MIP088AN_AN02_TA342-7_20220630_131006_932,G08,806.5589,1158.53465,1303.5660241851695,1715.8138325526788,497.00712418516946,557.2791825526788
220630_MIP088AN_AN02_TA342-7_20220630_131006_932_G09_Amplitude,220630_MIP088AN_AN02_TA342-7_20220630_131006_932,G09,809.4787,1171.5355,1336.2505078060892,1730.3657870757097,526.7718078060892,558.8302870757097
220630_MIP088AN_AN02_TA342-7_20220630_131006_932_G10_Amplitude,220630_MIP088AN_AN02_TA342-7_20220630_131006_932,G10,800.6215500000001,1118.89395,1230.7546538567472,1664.3959656293646,430.1331038567471,545.5020156293647
220630_MIP088AN_AN02_TA342-7_20220630_131006_932_G11_Amplitude,220630_MIP088AN_AN02_TA342-7_20220630_131006_932,G11,805.4427499999999,1299.1365,1371.2415392819512,1849.1323817926004,565.7987892819513,549.9958817926004
220630_MIP088AN_AN02_TA342-7_20220630_131006_932_G12_Amplitude,220630_MIP088AN_AN02_TA342-7_20220630_131006_932,G12,805.78015,1326.8465,1250.5362676930567,1676.4404710504955,444.7561176930567,349.5939710504954
220630_MIP088AN_AN02_TA342-7_20220630_131006_932_H01_Amplitude,220630_MIP088AN_AN02_TA342-7_20220630_131006_932,H01,806.88745,1103.68315,1379.6616730024712,1818.735111150008,572.7742230024712,715.0519611500079
220630_MIP088AN_AN02_TA342-7_20220630_131006_932_H02_Amplitude,220630_MIP088AN_AN02_TA342-7_20220630_131006_932,H02,811.82645,1897.159,1401.293243168606,1843.8787533075513,589.466793168606,-53.28024669244883
220630_MIP088AN_AN02_TA342-7_20220630_131006_932_H03_Amplitude,220630_MIP088AN_AN02_TA342-7_20220630_131006_932,H03,812.1408,1175.755,1413.467156317881,1833.5874415429676,601.326356317881,657.8324415429674
220630_MIP088AN_AN02_TA342-7_20220630_131006_932_H04_Amplitude,220630_MIP088AN_AN02_TA342-7_20220630_131006_932,H04,807.8669,1220.715,1402.908260255574,1878.1378064757375,595.0413602555741,657.4228064757376
220630_MIP088AN_AN02_TA342-7_20220630_131006_932_H05_Amplitude,220630_MIP088AN_AN02_TA342-7_20220630_131006_932,H05,803.87735,1225.4544999999998,1401.2395130332482,1893.0360225365005,597.3621630332482,667.5815225365006
220630_MIP088AN_AN02_TA342-7_20220630_131006_932_H06_Amplitude,220630_MIP088AN_AN02_TA342-7_20220630_131006_932,H06,810.8075,1115.013,1478.7892296869231,1829.5654882455283,667.9817296869231,714.5524882455284
220630_MIP088AN_AN02_TA342-7_20220630_131006_932_H07_Amplitude,220630_MIP088AN_AN02_TA342-7_20220630_131006_932,H07,810.7053000000001,1948.5025,1460.2815220886184,2139.37116610484,649.5762220886184,190.86866610484003
220630_MIP088AN_AN02_TA342-7_20220630_131006_932_H08_Amplitude,220630_MIP088AN_AN02_TA342-7_20220630_131006_932,H08,809.75365,1135.8705,1465.507857396384,1861.1500019239843,655.754207396384,725.2795019239843
220630_MIP088AN_AN02_TA342-7_20220630_131006_932_H09_Amplitude,220630_MIP088AN_AN02_TA342-7_20220630_131006_932,H09,808.5889,1211.712,1451.065093476484,1778.6880073935954,642.476193476484,566.9760073935954
220630_MIP088AN_AN02_TA342-7_20220630_131006_932_H10_Amplitude,220630_MIP088AN_AN02_TA342-7_20220630_131006_932,H10,811.9703999999999,1914.965,1367.125536157838,1797.502592454266,555.1551361578381,-117.46240754573387
220630_MIP088AN_AN02_TA342-7_20220630_131006_932_H11_Amplitude,220630_MIP088AN_AN02_TA342-7_20220630_131006_932,H11,808.68115,1242.448,1424.3782670348987,1890.2362407817,615.6971170348987,647.7882407816999
220630_MIP088AN_AN02_TA342-7_20220630_131006_932_H12_Amplitude,220630_MIP088AN_AN02_TA342-7_20220630_131006_932,H12,1343.0909,300.80740000000003,1088.760485442321,656.79697559062,-254.33041455767898,355.98957559062
MIP103_TRT79_402_20220805_141333_317_A01_Amplitude,MIP103_TRT79_402_20220805_141333_317,A01,1307.1525,1847.7665,1959.9555150363603,1327.9983096060316,652.8030150363604,-519.7681903939683
MIP103_TRT79_402_20220805_141333_317_A02_Amplitude,MIP103_TRT79_402_20220805_141333_317,A02,1240.4725,1794.3445,1905.4111261124804,1736.7095144236876,664.9386261124803,-57.634985576312374
MIP103_TRT79_402_20220805_141333_317_A03_Amplitude,MIP103_TRT79_402_20220805_141333_317,A03,1149.1395,1731.5055,1800.350414467785,1452.0563060176955,651.210914467785,-279.44919398230445
MIP103_TRT79_402_20220805_141333_317_A04_Amplitude,MIP103_TRT79_402_20220805_141333_317,A04,1404.8995,1810.9105,1724.9381907005982,2042.7325239012425,320.0386907005982,231.82202390124257
MIP103_TRT79_402_20220805_141333_317_A05_Amplitude,MIP103_TRT79_402_20220805_141333_317,A05,1239.164,1799.5205,1765.5057966953307,1892.1962439922263,526.3417966953307,92.67574399222622
MIP103_TRT79_402_20220805_141333_317_A06_Amplitude,MIP103_TRT79_402_20220805_141333_317,A06,1282.6255,1977.163,1642.522806605739,1375.8918192814297,359.897306605739,-601.2711807185703
MIP103_TRT79_402_20220805_141333_317_A07_Amplitude,MIP103_TRT79_402_20220805_141333_317,A07,1276.111,1749.8525,1549.6243121347343,2206.344118458445,273.5133121347342,456.4916184584449
MIP103_TRT79_402_20220805_141333_317_A08_Amplitude,MIP103_TRT79_402_20220805_141333_317,A08,1255.748,1851.1155,1817.5959094921334,2037.3964859467649,561.8479094921333,186.28098594676476
MIP103_TRT79_402_20220805_141333_317_A09_Amplitude,MIP103_TRT79_402_20220805_141333_317,A09,1167.10595,1548.2820000000002,1709.162521444068,1327.2945315574395,542.0565714440681,-220.9874684425606
MIP103_TRT79_402_20220805_141333_317_A10_Amplitude,MIP103_TRT79_402_20220805_141333_317,A10,1259.3429999999998,1797.413,1841.9723037584188,2074.952397844246,582.6293037584189,277.5393978442462
MIP103_TRT79_402_20220805_141333_317_A11_Amplitude,MIP103_TRT79_402_20220805_141333_317,A11,1270.4595,1821.7675,1704.959974224166,2269.141427067188,434.50047422416606,447.3739270671881
MIP103_TRT79_402_20220805_141333_317_A12_Amplitude,MIP103_TRT79_402_20220805_141333_317,A12,1256.274,1798.3085,1927.172139642178,1883.5158530222425,670.8981396421782,85.20735302224239
MIP103_TRT79_402_20220805_141333_317_B01_Amplitude,MIP103_TRT79_402_20220805_141333_317,B01,1250.104,1746.3865,1899.829673778724,2067.6899239610375,649.7256737787241,321.3034239610374
MIP103_TRT79_402_20220805_141333_317_B02_Amplitude,MIP103_TRT79_402_20220805_141333_317,B02,1261.7325,1471.1400000000003,1668.669665229532,1375.9253755987415,406.93716522953196,-95.21462440125879
MIP103_TRT79_402_20220805_141333_317_B03_Amplitude,MIP103_TRT79_402_20220805_141333_317,B03,1265.605,1690.1505,1652.4136067872955,1419.157224623748,386.8086067872955,-270.99327537625186
MIP103_TRT79_402_20220805_141333_317_B04_Amplitude,MIP103_TRT79_402_20220805_141333_317,B04,1079.9535999999998,1776.8175,1406.8734314817132,1384.6762170955067,326.91983148171335,-392.14128290449344
MIP103_TRT79_402_20220805_141333_317_B05_Amplitude,MIP103_TRT79_402_20220805_141333_317,B05,1195.6995,1885.9575,1615.8970372553426,1940.6733720450718,420.1975372553427,54.71587204507182
MIP103_TRT79_402_20220805_141333_317_B06_Amplitude,MIP103_TRT79_402_20220805_141333_317,B06,1101.2995500000002,1888.8345,1567.7703785246713,1459.1881351239065,466.4708285246711,-429.64636487609346
MIP103_TRT79_402_20220805_141333_317_B07_Amplitude,MIP103_TRT79_402_20220805_141333_317,B07,1245.3445000000002,1790.34,1638.6201974974451,1696.337665335448,393.275697497445,-94.00233466455188
MIP103_TRT79_402_20220805_141333_317_B08_Amplitude,MIP103_TRT79_402_20220805_141333_317,B08,1233.8535,1803.2355,1857.0810055481131,1771.069681712103,623.2275055481132,-32.16581828789708
MIP103_TRT79_402_20220805_141333_317_B09_Amplitude,MIP103_TRT79_402_20220805_141333_317,B09,1116.0148,1799.6515,1578.5813687697769,1440.8081478411245,462.56656876977695,-358.8433521588754
MIP103_TRT79_402_20220805_141333_317_B10_Amplitude,MIP103_TRT79_402_20220805_141333_317,B10,1199.444,1826.092,1722.557436251039,2293.5547560402706,523.113436251039,467.4627560402705
MIP103_TRT79_402_20220805_141333_317_B11_Amplitude,MIP103_TRT79_402_20220805_141333_317,B11,1368.795,1789.1075,1669.8555202743844,2114.0671389563136,301.0605202743843,324.9596389563135
MIP103_TRT79_402_20220805_141333_317_B12_Amplitude,MIP103_TRT79_402_20220805_141333_317,B12,1258.391,1793.6174999999998,1875.6426073219106,1806.9214808559957,617.2516073219106,13.30398085599586
MIP103_TRT79_402_20220805_141333_317_C04_Amplitude,MIP103_TRT79_402_20220805_141333_317,C04,1255.9095,1412.6150000000002,1253.9533128806197,1346.4266708198952,-1.9561871193802745,-66.18832918010503
MIP103_TRT79_402_20220805_141333_317_C05_Amplitude,MIP103_TRT79_402_20220805_141333_317,C05,1258.4630000000002,1741.029,1563.399897035548,1905.9444284917088,304.9368970355479,164.91542849170878
MIP103_TRT79_402_20220805_141333_317_C06_Amplitude,MIP103_TRT79_402_20220805_141333_317,C06,1227.2765,1792.982,1529.5948441475575,1829.5375358049769,302.3183441475576,36.5555358049769
MIP103_TRT79_402_20220805_141333_317_C07_Amplitude,MIP103_TRT79_402_20220805_141333_317,C07,1075.0690000000002,1312.0070000000003,1311.7103882867007,1354.925558987352,236.64138828670048,42.91855898735162
MIP103_TRT79_402_20220805_141333_317_C08_Amplitude,MIP103_TRT79_402_20220805_141333_317,C08,1253.9085,1792.7985,1689.0037480346766,2059.6522546765154,435.0952480346766,266.85375467651534
MIP103_TRT79_402_20220805_141333_317_C09_Amplitude,MIP103_TRT79_402_20220805_141333_317,C09,1245.824,1789.669,1596.7466931467195,2439.3995265917342,350.92269314671944,649.7305265917341
MIP103_TRT79_402_20220805_141333_317_C10_Amplitude,MIP103_TRT79_402_20220805_141333_317,C10,1289.773,1776.285,1853.0300536570292,1705.48078192057,563.2570536570292,-70.80421807943003
MIP103_TRT79_402_20220805_141333_317_C11_Amplitude,MIP103_TRT79_402_20220805_141333_317,C11,1342.313,1718.1985,1744.8125166123189,1803.5447538391256,402.49951661231876,85.34625383912567
MIP103_TRT79_402_20220805_141333_317_C12_Amplitude,MIP103_TRT79_402_20220805_141333_317,C12,1259.8055,1797.3625,1877.5867446848831,2130.967361922285,617.7812446848832,333.60486192228495
MIP103_TRT79_402_20220805_141333_317_D01_Amplitude,MIP103_TRT79_402_20220805_141333_317,D01,1258.723,1510.3230000000003,1643.188866780756,1388.0284127040018,384.46586678075596,-122.29458729599855
MIP103_TRT79_402_20220805_141333_317_D02_Amplitude,MIP103_TRT79_402_20220805_141333_317,D02,1260.111,1791.3635,1662.8273881629066,1806.5408208143722,402.71638816290647,15.177320814372251
MIP103_TRT79_402_20220805_141333_317_D03_Amplitude,MIP103_TRT79_402_20220805_141333_317,D03,1255.7235,1438.2210000000002,1802.5406880400208,1275.6632029388252,546.8171880400207,-162.55779706117505
MIP103_TRT79_402_20220805_141333_317_D04_Amplitude,MIP103_TRT79_402_20220805_141333_317,D04,1269.066,1290.4130000000002,1406.678894138731,1299.7051670639014,137.612894138731,9.29216706390116
MIP103_TRT79_402_20220805_141333_317_D05_Amplitude,MIP103_TRT79_402_20220805_141333_317,D05,1256.3455,1623.3470000000002,1540.3027583075125,1563.9616500926527,283.9572583075126,-59.38534990734752
MIP103_TRT79_402_20220805_141333_317_D06_Amplitude,MIP103_TRT79_402_20220805_141333_317,D06,1256.2655,1588.5830000000003,1726.6945310176773,1433.4967090148334,470.4290310176773,-155.0862909851669
MIP103_TRT79_402_20220805_141333_317_D07_Amplitude,MIP103_TRT79_402_20220805_141333_317,D07,1006.343,1277.3140000000003,1282.239782800207,1352.4128850697473,275.896782800207,75.09888506974698
MIP103_TRT79_402_20220805_141333_317_D08_Amplitude,MIP103_TRT79_402_20220805_141333_317,D08,1340.656,1802.626,1633.5104464415497,1887.8889800679772,292.8544464415497,85.2629800679772
MIP103_TRT79_402_20220805_141333_317_D09_Amplitude,MIP103_TRT79_402_20220805_141333_317,D09,1286.8805,2122.945,1643.2853482357166,1608.0835678783176,356.4048482357166,-514.8614321216826
MIP103_TRT79_402_20220805_141333_317_D10_Amplitude,MIP103_TRT79_402_20220805_141333_317,D10,1278.495,1797.08,1795.0701403938028,1785.2571087687406,516.5751403938029,-11.822891231259291
MIP103_TRT79_402_20220805_141333_317_D11_Amplitude,MIP103_TRT79_402_20220805_141333_317,D11,1248.8305,1748.0685,1637.9187325132932,2174.019525587271,389.0882325132932,425.9510255872708
MIP103_TRT79_402_20220805_141333_317_D12_Amplitude,MIP103_TRT79_402_20220805_141333_317,D12,1255.344,1765.9425,1796.669717621816,2339.484946343166,541.325717621816,573.5424463431659
MIP103_TRT79_402_20220805_141333_317_E01_Amplitude,MIP103_TRT79_402_20220805_141333_317,E01,1263.874,1777.4395,1870.5256656162976,2342.5437549884878,606.6516656162976,565.1042549884878
MIP103_TRT79_402_20220805_141333_317_E02_Amplitude,MIP103_TRT79_402_20220805_141333_317,E02,1255.1405,1599.1060000000002,1573.2211603836279,1339.5991322009877,318.0806603836279,-259.5068677990125
MIP103_TRT79_402_20220805_141333_317_E03_Amplitude,MIP103_TRT79_402_20220805_141333_317,E03,1278.7575,1822.4965,1590.4569283082424,1786.2285264804595,311.69942830824243,-36.26797351954042
MIP103_TRT79_402_20220805_141333_317_E04_Amplitude,MIP103_TRT79_402_20220805_141333_317,E04,1240.9285,1782.1565,1492.9967401466156,1495.9287133044936,252.0682401466156,-286.22778669550644
MIP103_TRT79_402_20220805_141333_317_E05_Amplitude,MIP103_TRT79_402_20220805_141333_317,E05,1206.665,2182.4165000000003,1672.9810663773603,1860.7582812700068,466.31606637736036,-321.65821872999345
MIP103_TRT79_402_20220805_141333_317_E06_Amplitude,MIP103_TRT79_402_20220805_141333_317,E06,1236.8580000000002,1791.6080000000002,1596.8987114179154,2364.1942959193743,360.0407114179152,572.5862959193742
MIP103_TRT79_402_20220805_141333_317_E07_Amplitude,MIP103_TRT79_402_20220805_141333_317,E07,1259.443,1679.4510000000002,1743.0303361286071,1702.7679249962562,483.58733612860715,23.31692499625592
MIP103_TRT79_402_20220805_141333_317_E08_Amplitude,MIP103_TRT79_402_20220805_141333_317,E08,1249.95,1743.02,1578.9192740800258,2172.9921713980157,328.9692740800258,429.9721713980157
MIP103_TRT79_402_20220805_141333_317_E09_Amplitude,MIP103_TRT79_402_20220805_141333_317,E09,1269.592,1811.0875,1649.4749223064296,1885.2380981369806,379.88292230642946,74.15059813698053
MIP103_TRT79_402_20220805_141333_317_E10_Amplitude,MIP103_TRT79_402_20220805_141333_317,E10,1266.7455,2074.406,1652.5396478318592,1893.0056785178742,385.79414783185916,-181.40032148212572
MIP103_TRT79_402_20220805_141333_317_E11_Amplitude,MIP103_TRT79_402_20220805_141333_317,E11,1254.837,1822.7395,1744.4363176993977,2147.74520351082,489.5993176993977,325.00570351082
MIP103_TRT79_402_20220805_141333_317_E12_Amplitude,MIP103_TRT79_402_20220805_141333_317,E12,1250.2905,1841.1045,1773.904546918516,1880.8949896297565,523.6140469185159,39.79048962975662
MIP103_TRT79_402_20220805_141333_317_F01_Amplitude,MIP103_TRT79_402_20220805_141333_317,F01,1250.4164999999998,1789.554,1748.1345739910719,1899.3953842464284,497.71807399107206,109.84138424642833
MIP103_TRT79_402_20220805_141333_317_F02_Amplitude,MIP103_TRT79_402_20220805_141333_317,F02,1326.293,1806.086,1820.7174394994647,1787.2616587415748,494.4244394994648,-18.824341258425193
MIP103_TRT79_402_20220805_141333_317_F03_Amplitude,MIP103_TRT79_402_20220805_141333_317,F03,1047.02605,1576.6180000000002,1581.9240767219353,1297.3593787256837,534.8980267219354,-279.2586212743165
MIP103_TRT79_402_20220805_141333_317_F04_Amplitude,MIP103_TRT79_402_20220805_141333_317,F04,1104.60315,1697.371,1687.545445651299,1459.9257684631368,582.942295651299,-237.44523153686328
MIP103_TRT79_402_20220805_141333_317_F05_Amplitude,MIP103_TRT79_402_20220805_141333_317,F05,1258.16,1979.9295,1610.6913573065858,1946.4917389596737,352.53135730658573,-33.43776104032622
MIP103_TRT79_402_20220805_141333_317_F06_Amplitude,MIP103_TRT79_402_20220805_141333_317,F06,1209.6149,1813.5335,1461.7428298807913,1345.8042622242654,252.12792988079127,-467.72923777573465
MIP103_TRT79_402_20220805_141333_317_F07_Amplitude,MIP103_TRT79_402_20220805_141333_317,F07,1288.6205,1796.5535,1562.9962684756704,1998.1592951206921,274.3757684756704,201.60579512069216
MIP103_TRT79_402_20220805_141333_317_F08_Amplitude,MIP103_TRT79_402_20220805_141333_317,F08,1271.775,1752.7780000000002,1443.745287634973,1434.6878905589879,171.97028763497292,-318.0901094410124
MIP103_TRT79_402_20220805_141333_317_F09_Amplitude,MIP103_TRT79_402_20220805_141333_317,F09,1266.574,1977.038,1573.1927351533398,2443.033589518863,306.6187351533397,465.9955895188632
MIP103_TRT79_402_20220805_141333_317_F10_Amplitude,MIP103_TRT79_402_20220805_141333_317,F10,1155.7126,1766.0310000000002,1702.27719439616,1625.8439041402244,546.5645943961599,-140.1870958597758
MIP103_TRT79_402_20220805_141333_317_F11_Amplitude,MIP103_TRT79_402_20220805_141333_317,F11,1253.1015,1769.174,1695.809122732644,1861.317332183726,442.70762273264404,92.14333218372599
MIP103_TRT79_402_20220805_141333_317_F12_Amplitude,MIP103_TRT79_402_20220805_141333_317,F12,1259.1485,1754.7315,1858.2639290570871,2111.7652798132845,599.1154290570871,357.03377981328435
MIP103_TRT79_402_20220805_141333_317_G01_Amplitude,MIP103_TRT79_402_20220805_141333_317,G01,1250.7525,1828.9115,1875.1121684590462,2364.895022590746,624.3596684590461,535.9835225907461
MIP103_TRT79_402_20220805_141333_317_G02_Amplitude,MIP103_TRT79_402_20220805_141333_317,G02,1268.6265,1810.0985,1639.1409820079998,2212.1208738871046,370.51448200799973,402.02237388710455
MIP103_TRT79_402_20220805_141333_317_G03_Amplitude,MIP103_TRT79_402_20220805_141333_317,G03,1112.9819,1718.7080000000003,1612.4529367603477,1295.1318758710486,499.4710367603477,-423.57612412895173
MIP103_TRT79_402_20220805_141333_317_G04_Amplitude,MIP103_TRT79_402_20220805_141333_317,G04,1350.8355,1625.3170000000002,1645.8444655038784,1383.3241013306513,295.00896550387847,-241.99289866934896
MIP103_TRT79_402_20220805_141333_317_G05_Amplitude,MIP103_TRT79_402_20220805_141333_317,G05,1269.2795,1735.101,1580.1870576933914,2144.243971190942,310.90755769339125,409.1429711909418
MIP103_TRT79_402_20220805_141333_317_G06_Amplitude,MIP103_TRT79_402_20220805_141333_317,G06,1250.4145,1724.6525,1440.9998654722676,1368.5277497924235,190.58536547226754,-356.1247502075764
MIP103_TRT79_402_20220805_141333_317_G07_Amplitude,MIP103_TRT79_402_20220805_141333_317,G07,1265.186,1798.053,1695.9419134424904,1816.6637805519122,430.7559134424905,18.610780551912057
MIP103_TRT79_402_20220805_141333_317_G08_Amplitude,MIP103_TRT79_402_20220805_141333_317,G08,1255.425,1833.745,1666.9097486948754,1879.690940146404,411.4847486948754,45.945940146404155
MIP103_TRT79_402_20220805_141333_317_G09_Amplitude,MIP103_TRT79_402_20220805_141333_317,G09,1497.2585,1751.7135,1624.2169695041166,1453.07506885753,126.95846950411669,-298.63843114247015
MIP103_TRT79_402_20220805_141333_317_G10_Amplitude,MIP103_TRT79_402_20220805_141333_317,G10,1253.536,1788.062,1629.111594754385,1958.6521670445156,375.57559475438484,170.59016704451574
MIP103_TRT79_402_20220805_141333_317_G11_Amplitude,MIP103_TRT79_402_20220805_141333_317,G11,1257.696,1394.3440000000005,1810.3257587730352,1474.0659216212257,552.6297587730353,79.72192162122519
MIP103_TRT79_402_20220805_141333_317_G12_Amplitude,MIP103_TRT79_402_20220805_141333_317,G12,1249.9055,1795.1715,1854.16993600488,2380.8775851837713,604.2644360048798,585.7060851837714
MIP103_TRT79_402_20220805_141333_317_H01_Amplitude,MIP103_TRT79_402_20220805_141333_317,H01,1259.6950000000002,1769.3325,1916.780124464646,2351.9401067711924,657.0851244646458,582.6076067711924
MIP103_TRT79_402_20220805_141333_317_H02_Amplitude,MIP103_TRT79_402_20220805_141333_317,H02,1253.377,1840.3745,1677.0878305827243,2371.4568991767974,423.7108305827244,531.0823991767975
MIP103_TRT79_402_20220805_141333_317_H03_Amplitude,MIP103_TRT79_402_20220805_141333_317,H03,1115.5374499999998,1560.0070000000003,1786.1179695536875,1311.146328888272,670.5805195536877,-248.86067111172838
MIP103_TRT79_402_20220805_141333_317_H04_Amplitude,MIP103_TRT79_402_20220805_141333_317,H04,1261.31,1784.0585,1808.459984620405,1712.0672405194625,547.1499846204051,-71.99125948053756
MIP103_TRT79_402_20220805_141333_317_H05_Amplitude,MIP103_TRT79_402_20220805_141333_317,H05,1285.348,1809.8045,1656.894726002745,2118.765901388355,371.5467260027451,308.96140138835494
MIP103_TRT79_402_20220805_141333_317_H06_Amplitude,MIP103_TRT79_402_20220805_141333_317,H06,1262.04775,1433.1280000000002,1645.9257209927728,1377.164141846543,383.8779709927728,-55.96385815345707
MIP103_TRT79_402_20220805_141333_317_H07_Amplitude,MIP103_TRT79_402_20220805_141333_317,H07,1258.6395,2288.1065,1559.6393257976629,1933.5962935964533,300.9998257976629,-354.5102064035466
MIP103_TRT79_402_20220805_141333_317_H08_Amplitude,MIP103_TRT79_402_20220805_141333_317,H08,1255.8065,1230.4570000000003,1212.012580430453,1248.5521321249282,-43.793919569546915,18.095132124927886
MIP103_TRT79_402_20220805_141333_317_H09_Amplitude,MIP103_TRT79_402_20220805_141333_317,H09,1254.4355,1816.3955,1678.5733925459267,2258.5837876366113,424.13789254592666,442.1882876366112
MIP103_TRT79_402_20220805_141333_317_H10_Amplitude,MIP103_TRT79_402_20220805_141333_317,H10,1241.413,1836.013,1748.9763291852898,1940.9782515927927,507.56332918528983,104.96525159279281
MIP103_TRT79_402_20220805_141333_317_H11_Amplitude,MIP103_TRT79_402_20220805_141333_317,H11,1256.3045,1505.5860000000002,1739.9969665186413,1487.4694299229782,483.69246651864137,-18.11657007702206
MIP103_TRT79_402_20220805_141333_317_H12_Amplitude,MIP103_TRT79_402_20220805_141333_317,H12,1256.0125,1225.8340000000003,1143.9407753932312,1229.9883105896365,-112.07172460676884,4.154310589636225
